Copyright 1986-2022 Xilinx, Inc. All Rights Reserved. Copyright 2022-2025 Advanced Micro Devices, Inc. All Rights Reserved.
------------------------------------------------------------------------------------------------------------------------------------------------------------------------------------------------------------------------------------------------------------------------------
| Tool Version : Vivado v.2025.2 (win64) Build 6299465 Fri Nov 14 19:35:11 GMT 2025
| Date         : Tue Sep 22 00:05:15 2026
| Host         : DESKTOP-KIRSTEN running 64-bit major release  (build 9200)
| Command      : report_timing_summary -max_paths 10 -report_unconstrained -warn_on_violation -file system_wrapper_timing_summary_postroute_physopted.rpt -pb system_wrapper_timing_summary_postroute_physopted.pb -rpx system_wrapper_timing_summary_postroute_physopted.rpx
| Design       : system_wrapper
| Device       : 7z010-clg400
| Speed File   : -1  PRODUCTION 1.12 2019-11-22
| Design State : Physopt postRoute
------------------------------------------------------------------------------------------------------------------------------------------------------------------------------------------------------------------------------------------------------------------------------

Timing Summary Report

------------------------------------------------------------------------------------------------
| Timer Settings
| --------------
------------------------------------------------------------------------------------------------

  Enable Multi Corner Analysis               :  Yes
  Enable Pessimism Removal                   :  Yes
  Pessimism Removal Resolution               :  Nearest Common Node
  Enable Input Delay Default Clock           :  No
  Enable Preset / Clear Arcs                 :  No
  Disable Flight Delays                      :  No
  Ignore I/O Paths                           :  No
  Timing Early Launch at Borrowing Latches   :  No
  Borrow Time for Max Delay Exceptions       :  Yes
  Merge Timing Exceptions                    :  Yes
  Inter-SLR Compensation                     :  Conservative

  Corner  Analyze    Analyze    
  Name    Max Paths  Min Paths  
  ------  ---------  ---------  
  Slow    Yes        Yes        
  Fast    Yes        Yes        


------------------------------------------------------------------------------------------------
| Report Methodology
| ------------------
------------------------------------------------------------------------------------------------

Rule       Severity  Description                                      Violations  
---------  --------  -----------------------------------------------  ----------  
TIMING-18  Warning   Missing input or output delay                    44          
XDCC-5     Warning   User Non-Timing constraint/property overwritten  4           

Note: This report is based on the most recent report_methodology run and may not be up-to-date. Run report_methodology on the current design for the latest report.



check_timing report

Table of Contents
-----------------
1. checking no_clock (0)
2. checking constant_clock (0)
3. checking pulse_width_clock (0)
4. checking unconstrained_internal_endpoints (0)
5. checking no_input_delay (0)
6. checking no_output_delay (18)
7. checking multiple_clock (0)
8. checking generated_clocks (0)
9. checking loops (0)
10. checking partial_input_delay (32)
11. checking partial_output_delay (0)
12. checking latch_loops (0)

1. checking no_clock (0)
------------------------
 There are 0 register/latch pins with no clock.


2. checking constant_clock (0)
------------------------------
 There are 0 register/latch pins with constant_clock.


3. checking pulse_width_clock (0)
---------------------------------
 There are 0 register/latch pins which need pulse_width check


4. checking unconstrained_internal_endpoints (0)
------------------------------------------------
 There are 0 pins that are not constrained for maximum delay.

 There are 0 pins that are not constrained for maximum delay due to constant clock.


5. checking no_input_delay (0)
------------------------------
 There are 0 input ports with no input delay specified.

 There are 0 input ports with no input delay but user has a false path constraint.


6. checking no_output_delay (18)
--------------------------------
 There are 18 ports with no output delay specified. (HIGH)

 There are 0 ports with no output delay but user has a false path constraint

 There are 0 ports with no output delay but with a timing clock defined on it or propagating through it


7. checking multiple_clock (0)
------------------------------
 There are 0 register/latch pins with multiple clocks.


8. checking generated_clocks (0)
--------------------------------
 There are 0 generated clocks that are not connected to a clock source.


9. checking loops (0)
---------------------
 There are 0 combinational loops in the design.


10. checking partial_input_delay (32)
-------------------------------------
 There are 32 input ports with partial input delay specified. (HIGH)


11. checking partial_output_delay (0)
-------------------------------------
 There are 0 ports with partial output delay specified.


12. checking latch_loops (0)
----------------------------
 There are 0 combinational latch loops in the design through latch input



------------------------------------------------------------------------------------------------
| Design Timing Summary
| ---------------------
------------------------------------------------------------------------------------------------

    WNS(ns)      TNS(ns)  TNS Failing Endpoints  TNS Total Endpoints      WHS(ns)      THS(ns)  THS Failing Endpoints  THS Total Endpoints     WPWS(ns)     TPWS(ns)  TPWS Failing Endpoints  TPWS Total Endpoints  
    -------      -------  ---------------------  -------------------      -------      -------  ---------------------  -------------------     --------     --------  ----------------------  --------------------  
      0.438        0.000                      0                25493        0.008        0.000                      0                25465        1.845        0.000                       0                 10080  


All user specified timing constraints are met.


------------------------------------------------------------------------------------------------
| Clock Summary
| -------------
------------------------------------------------------------------------------------------------

Clock                      Waveform(ns)         Period(ns)      Frequency(MHz)
-----                      ------------         ----------      --------------
adc_clk_p_i                {0.000 4.000}        8.000           125.000         
  clk_out1_system_pll_0_0  {0.000 4.000}        8.000           125.000         
  clk_out2_system_pll_0_0  {1.750 3.750}        4.000           250.000         
  clk_out3_system_pll_0_0  {2.250 4.250}        4.000           250.000         
  clkfbout_system_pll_0_0  {0.000 4.000}        8.000           125.000         
clk_fpga_0                 {0.000 10.000}       20.000          50.000          


------------------------------------------------------------------------------------------------
| Intra Clock Table
| -----------------
------------------------------------------------------------------------------------------------

Clock                          WNS(ns)      TNS(ns)  TNS Failing Endpoints  TNS Total Endpoints      WHS(ns)      THS(ns)  THS Failing Endpoints  THS Total Endpoints     WPWS(ns)     TPWS(ns)  TPWS Failing Endpoints  TPWS Total Endpoints  
-----                          -------      -------  ---------------------  -------------------      -------      -------  ---------------------  -------------------     --------     --------  ----------------------  --------------------  
adc_clk_p_i                                                                                                                                                                  2.000        0.000                       0                     2  
  clk_out1_system_pll_0_0        0.438        0.000                      0                25465        0.008        0.000                      0                25465        3.020        0.000                       0                 10069  
  clk_out2_system_pll_0_0                                                                                                                                                    1.845        0.000                       0                     3  
  clk_out3_system_pll_0_0                                                                                                                                                    1.845        0.000                       0                     3  
  clkfbout_system_pll_0_0                                                                                                                                                    5.845        0.000                       0                     3  


------------------------------------------------------------------------------------------------
| Inter Clock Table
| -----------------
------------------------------------------------------------------------------------------------

From Clock               To Clock                     WNS(ns)      TNS(ns)  TNS Failing Endpoints  TNS Total Endpoints      WHS(ns)      THS(ns)  THS Failing Endpoints  THS Total Endpoints  
----------               --------                     -------      -------  ---------------------  -------------------      -------      -------  ---------------------  -------------------  
adc_clk_p_i              clk_out1_system_pll_0_0        7.968        0.000                      0                   28                                                                        


------------------------------------------------------------------------------------------------
| Other Path Groups Table
| -----------------------
------------------------------------------------------------------------------------------------

Path Group    From Clock    To Clock          WNS(ns)      TNS(ns)  TNS Failing Endpoints  TNS Total Endpoints      WHS(ns)      THS(ns)  THS Failing Endpoints  THS Total Endpoints  
----------    ----------    --------          -------      -------  ---------------------  -------------------      -------      -------  ---------------------  -------------------  


------------------------------------------------------------------------------------------------
| User Ignored Path Table
| -----------------------
------------------------------------------------------------------------------------------------

Path Group    From Clock    To Clock    
----------    ----------    --------    


------------------------------------------------------------------------------------------------
| Unconstrained Path Table
| ------------------------
------------------------------------------------------------------------------------------------

Path Group               From Clock               To Clock               
----------               ----------               --------               
(none)                   clk_out1_system_pll_0_0                           
(none)                   clk_out2_system_pll_0_0                           
(none)                   clk_out3_system_pll_0_0                           
(none)                                            clk_out1_system_pll_0_0  


------------------------------------------------------------------------------------------------
| Timing Details
| --------------
------------------------------------------------------------------------------------------------


---------------------------------------------------------------------------------------------------
From Clock:  adc_clk_p_i
  To Clock:  adc_clk_p_i

Setup :           NA  Failing Endpoints,  Worst Slack           NA  ,  Total Violation           NA
Hold  :           NA  Failing Endpoints,  Worst Slack           NA  ,  Total Violation           NA
PW    :            0  Failing Endpoints,  Worst Slack        2.000ns,  Total Violation        0.000ns
---------------------------------------------------------------------------------------------------


Pulse Width Checks
--------------------------------------------------------------------------------------
Clock Name:         adc_clk_p_i
Waveform(ns):       { 0.000 4.000 }
Period(ns):         8.000
Sources:            { adc_clk_p_i }

Check Type        Corner  Lib Pin           Reference Pin  Required(ns)  Actual(ns)  Slack(ns)  Location        Pin
Min Period        n/a     BUFG/I            n/a            2.155         8.000       5.845      BUFGCTRL_X0Y4   system_i/pll_0/inst/clkin1_bufg1/I
Min Period        n/a     PLLE2_ADV/CLKIN1  n/a            1.249         8.000       6.751      PLLE2_ADV_X0Y0  system_i/pll_0/inst/plle2_adv_inst/CLKIN1
Max Period        n/a     PLLE2_ADV/CLKIN1  n/a            52.633        8.000       44.633     PLLE2_ADV_X0Y0  system_i/pll_0/inst/plle2_adv_inst/CLKIN1
Low Pulse Width   Slow    PLLE2_ADV/CLKIN1  n/a            2.000         4.000       2.000      PLLE2_ADV_X0Y0  system_i/pll_0/inst/plle2_adv_inst/CLKIN1
Low Pulse Width   Fast    PLLE2_ADV/CLKIN1  n/a            2.000         4.000       2.000      PLLE2_ADV_X0Y0  system_i/pll_0/inst/plle2_adv_inst/CLKIN1
High Pulse Width  Slow    PLLE2_ADV/CLKIN1  n/a            2.000         4.000       2.000      PLLE2_ADV_X0Y0  system_i/pll_0/inst/plle2_adv_inst/CLKIN1
High Pulse Width  Fast    PLLE2_ADV/CLKIN1  n/a            2.000         4.000       2.000      PLLE2_ADV_X0Y0  system_i/pll_0/inst/plle2_adv_inst/CLKIN1



---------------------------------------------------------------------------------------------------
From Clock:  clk_out1_system_pll_0_0
  To Clock:  clk_out1_system_pll_0_0

Setup :            0  Failing Endpoints,  Worst Slack        0.438ns,  Total Violation        0.000ns
Hold  :            0  Failing Endpoints,  Worst Slack        0.008ns,  Total Violation        0.000ns
PW    :            0  Failing Endpoints,  Worst Slack        3.020ns,  Total Violation        0.000ns
---------------------------------------------------------------------------------------------------


Max Delay Paths
--------------------------------------------------------------------------------------
Slack (MET) :             0.438ns  (required time - arrival time)
  Source:                 system_i/rx_0/GMSK_Demod/gmsk_simbolo/gmsk_symbol_phase_ac_0/inst/y_reg_reg/CLK
                            (rising edge-triggered cell DSP48E1 clocked by clk_out1_system_pll_0_0  {rise@0.000ns fall@4.000ns period=8.000ns})
  Destination:            system_i/rx_0/GMSK_Demod/gmsk_simbolo/gmsk_symbol_phase_ac_0/inst/hi_sin_reg_reg/PCIN[0]
                            (rising edge-triggered cell DSP48E1 clocked by clk_out1_system_pll_0_0  {rise@0.000ns fall@4.000ns period=8.000ns})
  Path Group:             clk_out1_system_pll_0_0
  Path Type:              Setup (Max at Slow Process Corner)
  Requirement:            8.000ns  (clk_out1_system_pll_0_0 rise@8.000ns - clk_out1_system_pll_0_0 rise@0.000ns)
  Data Path Delay:        6.026ns  (logic 4.470ns (74.176%)  route 1.556ns (25.824%))
  Logic Levels:           1  (DSP48E1=1)
  Clock Path Skew:        -0.066ns (DCD - SCD + CPR)
    Destination Clock Delay (DCD):    4.486ns = ( 12.486 - 8.000 ) 
    Source Clock Delay      (SCD):    4.916ns
    Clock Pessimism Removal (CPR):    0.363ns
  Clock Uncertainty:      0.069ns  ((TSJ^2 + DJ^2)^1/2) / 2 + PE
    Total System Jitter     (TSJ):    0.071ns
    Discrete Jitter          (DJ):    0.119ns
    Phase Error              (PE):    0.000ns

    Location             Delay type                Incr(ns)  Path(ns)    Netlist Resource(s)
  -------------------------------------------------------------------    -------------------
                         (clock clk_out1_system_pll_0_0 rise edge)
                                                      0.000     0.000 r  
    U18                                               0.000     0.000 r  adc_clk_p_i (IN)
                         net (fo=0)                   0.000     0.000    system_i/pll_0/inst/clk_in1_p
    U18                  IBUFDS (Prop_ibufds_I_O)     0.983     0.983 r  system_i/pll_0/inst/clkin1_ibufgds/O
                         net (fo=1, routed)           2.076     3.059    system_i/pll_0/inst/clk_in1_system_pll_0_0_buf
    BUFGCTRL_X0Y4        BUFG (Prop_bufg_I_O)         0.102     3.161 r  system_i/pll_0/inst/clkin1_bufg1/O
                         net (fo=1, routed)           1.702     4.863    system_i/pll_0/inst/clk_in1_system_pll_0_0
    PLLE2_ADV_X0Y0       PLLE2_ADV (Prop_plle2_adv_CLKIN1_CLKOUT0)
                                                     -3.557     1.306 r  system_i/pll_0/inst/plle2_adv_inst/CLKOUT0
                         net (fo=1, routed)           1.754     3.060    system_i/pll_0/inst/clk_out1_system_pll_0_0
    BUFGCTRL_X0Y0        BUFG (Prop_bufg_I_O)         0.101     3.161 r  system_i/pll_0/inst/clkout1_buf/O
                         net (fo=10074, routed)       1.755     4.916    system_i/rx_0/GMSK_Demod/gmsk_simbolo/gmsk_symbol_phase_ac_0/inst/clk
    DSP48_X0Y25          DSP48E1                                      r  system_i/rx_0/GMSK_Demod/gmsk_simbolo/gmsk_symbol_phase_ac_0/inst/y_reg_reg/CLK
  -------------------------------------------------------------------    -------------------
    DSP48_X0Y25          DSP48E1 (Prop_dsp48e1_CLK_P[25])
                                                      0.434     5.350 r  system_i/rx_0/GMSK_Demod/gmsk_simbolo/gmsk_symbol_phase_ac_0/inst/y_reg_reg/P[25]
                         net (fo=4, routed)           1.554     6.904    system_i/rx_0/GMSK_Demod/gmsk_simbolo/gmsk_symbol_phase_ac_0/inst/y_reg_reg_n_80
    DSP48_X0Y30          DSP48E1 (Prop_dsp48e1_A[18]_PCOUT[0])
                                                      4.036    10.940 r  system_i/rx_0/GMSK_Demod/gmsk_simbolo/gmsk_symbol_phase_ac_0/inst/hi_sin_reg0/PCOUT[0]
                         net (fo=1, routed)           0.002    10.942    system_i/rx_0/GMSK_Demod/gmsk_simbolo/gmsk_symbol_phase_ac_0/inst/hi_sin_reg0_n_153
    DSP48_X0Y31          DSP48E1                                      r  system_i/rx_0/GMSK_Demod/gmsk_simbolo/gmsk_symbol_phase_ac_0/inst/hi_sin_reg_reg/PCIN[0]
  -------------------------------------------------------------------    -------------------

                         (clock clk_out1_system_pll_0_0 rise edge)
                                                      8.000     8.000 r  
    U18                                               0.000     8.000 r  adc_clk_p_i (IN)
                         net (fo=0)                   0.000     8.000    system_i/pll_0/inst/clk_in1_p
    U18                  IBUFDS (Prop_ibufds_I_O)     0.940     8.940 r  system_i/pll_0/inst/clkin1_ibufgds/O
                         net (fo=1, routed)           1.880    10.820    system_i/pll_0/inst/clk_in1_system_pll_0_0_buf
    BUFGCTRL_X0Y4        BUFG (Prop_bufg_I_O)         0.092    10.912 r  system_i/pll_0/inst/clkin1_bufg1/O
                         net (fo=1, routed)           1.509    12.421    system_i/pll_0/inst/clk_in1_system_pll_0_0
    PLLE2_ADV_X0Y0       PLLE2_ADV (Prop_plle2_adv_CLKIN1_CLKOUT0)
                                                     -3.194     9.227 r  system_i/pll_0/inst/plle2_adv_inst/CLKOUT0
                         net (fo=1, routed)           1.594    10.821    system_i/pll_0/inst/clk_out1_system_pll_0_0
    BUFGCTRL_X0Y0        BUFG (Prop_bufg_I_O)         0.091    10.912 r  system_i/pll_0/inst/clkout1_buf/O
                         net (fo=10074, routed)       1.574    12.486    system_i/rx_0/GMSK_Demod/gmsk_simbolo/gmsk_symbol_phase_ac_0/inst/clk
    DSP48_X0Y31          DSP48E1                                      r  system_i/rx_0/GMSK_Demod/gmsk_simbolo/gmsk_symbol_phase_ac_0/inst/hi_sin_reg_reg/CLK
                         clock pessimism              0.363    12.850    
                         clock uncertainty           -0.069    12.780    
    DSP48_X0Y31          DSP48E1 (Setup_dsp48e1_CLK_PCIN[0])
                                                     -1.400    11.380    system_i/rx_0/GMSK_Demod/gmsk_simbolo/gmsk_symbol_phase_ac_0/inst/hi_sin_reg_reg
  -------------------------------------------------------------------
                         required time                         11.380    
                         arrival time                         -10.942    
  -------------------------------------------------------------------
                         slack                                  0.438    

Slack (MET) :             0.438ns  (required time - arrival time)
  Source:                 system_i/rx_0/GMSK_Demod/gmsk_simbolo/gmsk_symbol_phase_ac_0/inst/y_reg_reg/CLK
                            (rising edge-triggered cell DSP48E1 clocked by clk_out1_system_pll_0_0  {rise@0.000ns fall@4.000ns period=8.000ns})
  Destination:            system_i/rx_0/GMSK_Demod/gmsk_simbolo/gmsk_symbol_phase_ac_0/inst/hi_sin_reg_reg/PCIN[10]
                            (rising edge-triggered cell DSP48E1 clocked by clk_out1_system_pll_0_0  {rise@0.000ns fall@4.000ns period=8.000ns})
  Path Group:             clk_out1_system_pll_0_0
  Path Type:              Setup (Max at Slow Process Corner)
  Requirement:            8.000ns  (clk_out1_system_pll_0_0 rise@8.000ns - clk_out1_system_pll_0_0 rise@0.000ns)
  Data Path Delay:        6.026ns  (logic 4.470ns (74.176%)  route 1.556ns (25.824%))
  Logic Levels:           1  (DSP48E1=1)
  Clock Path Skew:        -0.066ns (DCD - SCD + CPR)
    Destination Clock Delay (DCD):    4.486ns = ( 12.486 - 8.000 ) 
    Source Clock Delay      (SCD):    4.916ns
    Clock Pessimism Removal (CPR):    0.363ns
  Clock Uncertainty:      0.069ns  ((TSJ^2 + DJ^2)^1/2) / 2 + PE
    Total System Jitter     (TSJ):    0.071ns
    Discrete Jitter          (DJ):    0.119ns
    Phase Error              (PE):    0.000ns

    Location             Delay type                Incr(ns)  Path(ns)    Netlist Resource(s)
  -------------------------------------------------------------------    -------------------
                         (clock clk_out1_system_pll_0_0 rise edge)
                                                      0.000     0.000 r  
    U18                                               0.000     0.000 r  adc_clk_p_i (IN)
                         net (fo=0)                   0.000     0.000    system_i/pll_0/inst/clk_in1_p
    U18                  IBUFDS (Prop_ibufds_I_O)     0.983     0.983 r  system_i/pll_0/inst/clkin1_ibufgds/O
                         net (fo=1, routed)           2.076     3.059    system_i/pll_0/inst/clk_in1_system_pll_0_0_buf
    BUFGCTRL_X0Y4        BUFG (Prop_bufg_I_O)         0.102     3.161 r  system_i/pll_0/inst/clkin1_bufg1/O
                         net (fo=1, routed)           1.702     4.863    system_i/pll_0/inst/clk_in1_system_pll_0_0
    PLLE2_ADV_X0Y0       PLLE2_ADV (Prop_plle2_adv_CLKIN1_CLKOUT0)
                                                     -3.557     1.306 r  system_i/pll_0/inst/plle2_adv_inst/CLKOUT0
                         net (fo=1, routed)           1.754     3.060    system_i/pll_0/inst/clk_out1_system_pll_0_0
    BUFGCTRL_X0Y0        BUFG (Prop_bufg_I_O)         0.101     3.161 r  system_i/pll_0/inst/clkout1_buf/O
                         net (fo=10074, routed)       1.755     4.916    system_i/rx_0/GMSK_Demod/gmsk_simbolo/gmsk_symbol_phase_ac_0/inst/clk
    DSP48_X0Y25          DSP48E1                                      r  system_i/rx_0/GMSK_Demod/gmsk_simbolo/gmsk_symbol_phase_ac_0/inst/y_reg_reg/CLK
  -------------------------------------------------------------------    -------------------
    DSP48_X0Y25          DSP48E1 (Prop_dsp48e1_CLK_P[25])
                                                      0.434     5.350 r  system_i/rx_0/GMSK_Demod/gmsk_simbolo/gmsk_symbol_phase_ac_0/inst/y_reg_reg/P[25]
                         net (fo=4, routed)           1.554     6.904    system_i/rx_0/GMSK_Demod/gmsk_simbolo/gmsk_symbol_phase_ac_0/inst/y_reg_reg_n_80
    DSP48_X0Y30          DSP48E1 (Prop_dsp48e1_A[18]_PCOUT[10])
                                                      4.036    10.940 r  system_i/rx_0/GMSK_Demod/gmsk_simbolo/gmsk_symbol_phase_ac_0/inst/hi_sin_reg0/PCOUT[10]
                         net (fo=1, routed)           0.002    10.942    system_i/rx_0/GMSK_Demod/gmsk_simbolo/gmsk_symbol_phase_ac_0/inst/hi_sin_reg0_n_143
    DSP48_X0Y31          DSP48E1                                      r  system_i/rx_0/GMSK_Demod/gmsk_simbolo/gmsk_symbol_phase_ac_0/inst/hi_sin_reg_reg/PCIN[10]
  -------------------------------------------------------------------    -------------------

                         (clock clk_out1_system_pll_0_0 rise edge)
                                                      8.000     8.000 r  
    U18                                               0.000     8.000 r  adc_clk_p_i (IN)
                         net (fo=0)                   0.000     8.000    system_i/pll_0/inst/clk_in1_p
    U18                  IBUFDS (Prop_ibufds_I_O)     0.940     8.940 r  system_i/pll_0/inst/clkin1_ibufgds/O
                         net (fo=1, routed)           1.880    10.820    system_i/pll_0/inst/clk_in1_system_pll_0_0_buf
    BUFGCTRL_X0Y4        BUFG (Prop_bufg_I_O)         0.092    10.912 r  system_i/pll_0/inst/clkin1_bufg1/O
                         net (fo=1, routed)           1.509    12.421    system_i/pll_0/inst/clk_in1_system_pll_0_0
    PLLE2_ADV_X0Y0       PLLE2_ADV (Prop_plle2_adv_CLKIN1_CLKOUT0)
                                                     -3.194     9.227 r  system_i/pll_0/inst/plle2_adv_inst/CLKOUT0
                         net (fo=1, routed)           1.594    10.821    system_i/pll_0/inst/clk_out1_system_pll_0_0
    BUFGCTRL_X0Y0        BUFG (Prop_bufg_I_O)         0.091    10.912 r  system_i/pll_0/inst/clkout1_buf/O
                         net (fo=10074, routed)       1.574    12.486    system_i/rx_0/GMSK_Demod/gmsk_simbolo/gmsk_symbol_phase_ac_0/inst/clk
    DSP48_X0Y31          DSP48E1                                      r  system_i/rx_0/GMSK_Demod/gmsk_simbolo/gmsk_symbol_phase_ac_0/inst/hi_sin_reg_reg/CLK
                         clock pessimism              0.363    12.850    
                         clock uncertainty           -0.069    12.780    
    DSP48_X0Y31          DSP48E1 (Setup_dsp48e1_CLK_PCIN[10])
                                                     -1.400    11.380    system_i/rx_0/GMSK_Demod/gmsk_simbolo/gmsk_symbol_phase_ac_0/inst/hi_sin_reg_reg
  -------------------------------------------------------------------
                         required time                         11.380    
                         arrival time                         -10.942    
  -------------------------------------------------------------------
                         slack                                  0.438    

Slack (MET) :             0.438ns  (required time - arrival time)
  Source:                 system_i/rx_0/GMSK_Demod/gmsk_simbolo/gmsk_symbol_phase_ac_0/inst/y_reg_reg/CLK
                            (rising edge-triggered cell DSP48E1 clocked by clk_out1_system_pll_0_0  {rise@0.000ns fall@4.000ns period=8.000ns})
  Destination:            system_i/rx_0/GMSK_Demod/gmsk_simbolo/gmsk_symbol_phase_ac_0/inst/hi_sin_reg_reg/PCIN[11]
                            (rising edge-triggered cell DSP48E1 clocked by clk_out1_system_pll_0_0  {rise@0.000ns fall@4.000ns period=8.000ns})
  Path Group:             clk_out1_system_pll_0_0
  Path Type:              Setup (Max at Slow Process Corner)
  Requirement:            8.000ns  (clk_out1_system_pll_0_0 rise@8.000ns - clk_out1_system_pll_0_0 rise@0.000ns)
  Data Path Delay:        6.026ns  (logic 4.470ns (74.176%)  route 1.556ns (25.824%))
  Logic Levels:           1  (DSP48E1=1)
  Clock Path Skew:        -0.066ns (DCD - SCD + CPR)
    Destination Clock Delay (DCD):    4.486ns = ( 12.486 - 8.000 ) 
    Source Clock Delay      (SCD):    4.916ns
    Clock Pessimism Removal (CPR):    0.363ns
  Clock Uncertainty:      0.069ns  ((TSJ^2 + DJ^2)^1/2) / 2 + PE
    Total System Jitter     (TSJ):    0.071ns
    Discrete Jitter          (DJ):    0.119ns
    Phase Error              (PE):    0.000ns

    Location             Delay type                Incr(ns)  Path(ns)    Netlist Resource(s)
  -------------------------------------------------------------------    -------------------
                         (clock clk_out1_system_pll_0_0 rise edge)
                                                      0.000     0.000 r  
    U18                                               0.000     0.000 r  adc_clk_p_i (IN)
                         net (fo=0)                   0.000     0.000    system_i/pll_0/inst/clk_in1_p
    U18                  IBUFDS (Prop_ibufds_I_O)     0.983     0.983 r  system_i/pll_0/inst/clkin1_ibufgds/O
                         net (fo=1, routed)           2.076     3.059    system_i/pll_0/inst/clk_in1_system_pll_0_0_buf
    BUFGCTRL_X0Y4        BUFG (Prop_bufg_I_O)         0.102     3.161 r  system_i/pll_0/inst/clkin1_bufg1/O
                         net (fo=1, routed)           1.702     4.863    system_i/pll_0/inst/clk_in1_system_pll_0_0
    PLLE2_ADV_X0Y0       PLLE2_ADV (Prop_plle2_adv_CLKIN1_CLKOUT0)
                                                     -3.557     1.306 r  system_i/pll_0/inst/plle2_adv_inst/CLKOUT0
                         net (fo=1, routed)           1.754     3.060    system_i/pll_0/inst/clk_out1_system_pll_0_0
    BUFGCTRL_X0Y0        BUFG (Prop_bufg_I_O)         0.101     3.161 r  system_i/pll_0/inst/clkout1_buf/O
                         net (fo=10074, routed)       1.755     4.916    system_i/rx_0/GMSK_Demod/gmsk_simbolo/gmsk_symbol_phase_ac_0/inst/clk
    DSP48_X0Y25          DSP48E1                                      r  system_i/rx_0/GMSK_Demod/gmsk_simbolo/gmsk_symbol_phase_ac_0/inst/y_reg_reg/CLK
  -------------------------------------------------------------------    -------------------
    DSP48_X0Y25          DSP48E1 (Prop_dsp48e1_CLK_P[25])
                                                      0.434     5.350 r  system_i/rx_0/GMSK_Demod/gmsk_simbolo/gmsk_symbol_phase_ac_0/inst/y_reg_reg/P[25]
                         net (fo=4, routed)           1.554     6.904    system_i/rx_0/GMSK_Demod/gmsk_simbolo/gmsk_symbol_phase_ac_0/inst/y_reg_reg_n_80
    DSP48_X0Y30          DSP48E1 (Prop_dsp48e1_A[18]_PCOUT[11])
                                                      4.036    10.940 r  system_i/rx_0/GMSK_Demod/gmsk_simbolo/gmsk_symbol_phase_ac_0/inst/hi_sin_reg0/PCOUT[11]
                         net (fo=1, routed)           0.002    10.942    system_i/rx_0/GMSK_Demod/gmsk_simbolo/gmsk_symbol_phase_ac_0/inst/hi_sin_reg0_n_142
    DSP48_X0Y31          DSP48E1                                      r  system_i/rx_0/GMSK_Demod/gmsk_simbolo/gmsk_symbol_phase_ac_0/inst/hi_sin_reg_reg/PCIN[11]
  -------------------------------------------------------------------    -------------------

                         (clock clk_out1_system_pll_0_0 rise edge)
                                                      8.000     8.000 r  
    U18                                               0.000     8.000 r  adc_clk_p_i (IN)
                         net (fo=0)                   0.000     8.000    system_i/pll_0/inst/clk_in1_p
    U18                  IBUFDS (Prop_ibufds_I_O)     0.940     8.940 r  system_i/pll_0/inst/clkin1_ibufgds/O
                         net (fo=1, routed)           1.880    10.820    system_i/pll_0/inst/clk_in1_system_pll_0_0_buf
    BUFGCTRL_X0Y4        BUFG (Prop_bufg_I_O)         0.092    10.912 r  system_i/pll_0/inst/clkin1_bufg1/O
                         net (fo=1, routed)           1.509    12.421    system_i/pll_0/inst/clk_in1_system_pll_0_0
    PLLE2_ADV_X0Y0       PLLE2_ADV (Prop_plle2_adv_CLKIN1_CLKOUT0)
                                                     -3.194     9.227 r  system_i/pll_0/inst/plle2_adv_inst/CLKOUT0
                         net (fo=1, routed)           1.594    10.821    system_i/pll_0/inst/clk_out1_system_pll_0_0
    BUFGCTRL_X0Y0        BUFG (Prop_bufg_I_O)         0.091    10.912 r  system_i/pll_0/inst/clkout1_buf/O
                         net (fo=10074, routed)       1.574    12.486    system_i/rx_0/GMSK_Demod/gmsk_simbolo/gmsk_symbol_phase_ac_0/inst/clk
    DSP48_X0Y31          DSP48E1                                      r  system_i/rx_0/GMSK_Demod/gmsk_simbolo/gmsk_symbol_phase_ac_0/inst/hi_sin_reg_reg/CLK
                         clock pessimism              0.363    12.850    
                         clock uncertainty           -0.069    12.780    
    DSP48_X0Y31          DSP48E1 (Setup_dsp48e1_CLK_PCIN[11])
                                                     -1.400    11.380    system_i/rx_0/GMSK_Demod/gmsk_simbolo/gmsk_symbol_phase_ac_0/inst/hi_sin_reg_reg
  -------------------------------------------------------------------
                         required time                         11.380    
                         arrival time                         -10.942    
  -------------------------------------------------------------------
                         slack                                  0.438    

Slack (MET) :             0.438ns  (required time - arrival time)
  Source:                 system_i/rx_0/GMSK_Demod/gmsk_simbolo/gmsk_symbol_phase_ac_0/inst/y_reg_reg/CLK
                            (rising edge-triggered cell DSP48E1 clocked by clk_out1_system_pll_0_0  {rise@0.000ns fall@4.000ns period=8.000ns})
  Destination:            system_i/rx_0/GMSK_Demod/gmsk_simbolo/gmsk_symbol_phase_ac_0/inst/hi_sin_reg_reg/PCIN[12]
                            (rising edge-triggered cell DSP48E1 clocked by clk_out1_system_pll_0_0  {rise@0.000ns fall@4.000ns period=8.000ns})
  Path Group:             clk_out1_system_pll_0_0
  Path Type:              Setup (Max at Slow Process Corner)
  Requirement:            8.000ns  (clk_out1_system_pll_0_0 rise@8.000ns - clk_out1_system_pll_0_0 rise@0.000ns)
  Data Path Delay:        6.026ns  (logic 4.470ns (74.176%)  route 1.556ns (25.824%))
  Logic Levels:           1  (DSP48E1=1)
  Clock Path Skew:        -0.066ns (DCD - SCD + CPR)
    Destination Clock Delay (DCD):    4.486ns = ( 12.486 - 8.000 ) 
    Source Clock Delay      (SCD):    4.916ns
    Clock Pessimism Removal (CPR):    0.363ns
  Clock Uncertainty:      0.069ns  ((TSJ^2 + DJ^2)^1/2) / 2 + PE
    Total System Jitter     (TSJ):    0.071ns
    Discrete Jitter          (DJ):    0.119ns
    Phase Error              (PE):    0.000ns

    Location             Delay type                Incr(ns)  Path(ns)    Netlist Resource(s)
  -------------------------------------------------------------------    -------------------
                         (clock clk_out1_system_pll_0_0 rise edge)
                                                      0.000     0.000 r  
    U18                                               0.000     0.000 r  adc_clk_p_i (IN)
                         net (fo=0)                   0.000     0.000    system_i/pll_0/inst/clk_in1_p
    U18                  IBUFDS (Prop_ibufds_I_O)     0.983     0.983 r  system_i/pll_0/inst/clkin1_ibufgds/O
                         net (fo=1, routed)           2.076     3.059    system_i/pll_0/inst/clk_in1_system_pll_0_0_buf
    BUFGCTRL_X0Y4        BUFG (Prop_bufg_I_O)         0.102     3.161 r  system_i/pll_0/inst/clkin1_bufg1/O
                         net (fo=1, routed)           1.702     4.863    system_i/pll_0/inst/clk_in1_system_pll_0_0
    PLLE2_ADV_X0Y0       PLLE2_ADV (Prop_plle2_adv_CLKIN1_CLKOUT0)
                                                     -3.557     1.306 r  system_i/pll_0/inst/plle2_adv_inst/CLKOUT0
                         net (fo=1, routed)           1.754     3.060    system_i/pll_0/inst/clk_out1_system_pll_0_0
    BUFGCTRL_X0Y0        BUFG (Prop_bufg_I_O)         0.101     3.161 r  system_i/pll_0/inst/clkout1_buf/O
                         net (fo=10074, routed)       1.755     4.916    system_i/rx_0/GMSK_Demod/gmsk_simbolo/gmsk_symbol_phase_ac_0/inst/clk
    DSP48_X0Y25          DSP48E1                                      r  system_i/rx_0/GMSK_Demod/gmsk_simbolo/gmsk_symbol_phase_ac_0/inst/y_reg_reg/CLK
  -------------------------------------------------------------------    -------------------
    DSP48_X0Y25          DSP48E1 (Prop_dsp48e1_CLK_P[25])
                                                      0.434     5.350 r  system_i/rx_0/GMSK_Demod/gmsk_simbolo/gmsk_symbol_phase_ac_0/inst/y_reg_reg/P[25]
                         net (fo=4, routed)           1.554     6.904    system_i/rx_0/GMSK_Demod/gmsk_simbolo/gmsk_symbol_phase_ac_0/inst/y_reg_reg_n_80
    DSP48_X0Y30          DSP48E1 (Prop_dsp48e1_A[18]_PCOUT[12])
                                                      4.036    10.940 r  system_i/rx_0/GMSK_Demod/gmsk_simbolo/gmsk_symbol_phase_ac_0/inst/hi_sin_reg0/PCOUT[12]
                         net (fo=1, routed)           0.002    10.942    system_i/rx_0/GMSK_Demod/gmsk_simbolo/gmsk_symbol_phase_ac_0/inst/hi_sin_reg0_n_141
    DSP48_X0Y31          DSP48E1                                      r  system_i/rx_0/GMSK_Demod/gmsk_simbolo/gmsk_symbol_phase_ac_0/inst/hi_sin_reg_reg/PCIN[12]
  -------------------------------------------------------------------    -------------------

                         (clock clk_out1_system_pll_0_0 rise edge)
                                                      8.000     8.000 r  
    U18                                               0.000     8.000 r  adc_clk_p_i (IN)
                         net (fo=0)                   0.000     8.000    system_i/pll_0/inst/clk_in1_p
    U18                  IBUFDS (Prop_ibufds_I_O)     0.940     8.940 r  system_i/pll_0/inst/clkin1_ibufgds/O
                         net (fo=1, routed)           1.880    10.820    system_i/pll_0/inst/clk_in1_system_pll_0_0_buf
    BUFGCTRL_X0Y4        BUFG (Prop_bufg_I_O)         0.092    10.912 r  system_i/pll_0/inst/clkin1_bufg1/O
                         net (fo=1, routed)           1.509    12.421    system_i/pll_0/inst/clk_in1_system_pll_0_0
    PLLE2_ADV_X0Y0       PLLE2_ADV (Prop_plle2_adv_CLKIN1_CLKOUT0)
                                                     -3.194     9.227 r  system_i/pll_0/inst/plle2_adv_inst/CLKOUT0
                         net (fo=1, routed)           1.594    10.821    system_i/pll_0/inst/clk_out1_system_pll_0_0
    BUFGCTRL_X0Y0        BUFG (Prop_bufg_I_O)         0.091    10.912 r  system_i/pll_0/inst/clkout1_buf/O
                         net (fo=10074, routed)       1.574    12.486    system_i/rx_0/GMSK_Demod/gmsk_simbolo/gmsk_symbol_phase_ac_0/inst/clk
    DSP48_X0Y31          DSP48E1                                      r  system_i/rx_0/GMSK_Demod/gmsk_simbolo/gmsk_symbol_phase_ac_0/inst/hi_sin_reg_reg/CLK
                         clock pessimism              0.363    12.850    
                         clock uncertainty           -0.069    12.780    
    DSP48_X0Y31          DSP48E1 (Setup_dsp48e1_CLK_PCIN[12])
                                                     -1.400    11.380    system_i/rx_0/GMSK_Demod/gmsk_simbolo/gmsk_symbol_phase_ac_0/inst/hi_sin_reg_reg
  -------------------------------------------------------------------
                         required time                         11.380    
                         arrival time                         -10.942    
  -------------------------------------------------------------------
                         slack                                  0.438    

Slack (MET) :             0.438ns  (required time - arrival time)
  Source:                 system_i/rx_0/GMSK_Demod/gmsk_simbolo/gmsk_symbol_phase_ac_0/inst/y_reg_reg/CLK
                            (rising edge-triggered cell DSP48E1 clocked by clk_out1_system_pll_0_0  {rise@0.000ns fall@4.000ns period=8.000ns})
  Destination:            system_i/rx_0/GMSK_Demod/gmsk_simbolo/gmsk_symbol_phase_ac_0/inst/hi_sin_reg_reg/PCIN[13]
                            (rising edge-triggered cell DSP48E1 clocked by clk_out1_system_pll_0_0  {rise@0.000ns fall@4.000ns period=8.000ns})
  Path Group:             clk_out1_system_pll_0_0
  Path Type:              Setup (Max at Slow Process Corner)
  Requirement:            8.000ns  (clk_out1_system_pll_0_0 rise@8.000ns - clk_out1_system_pll_0_0 rise@0.000ns)
  Data Path Delay:        6.026ns  (logic 4.470ns (74.176%)  route 1.556ns (25.824%))
  Logic Levels:           1  (DSP48E1=1)
  Clock Path Skew:        -0.066ns (DCD - SCD + CPR)
    Destination Clock Delay (DCD):    4.486ns = ( 12.486 - 8.000 ) 
    Source Clock Delay      (SCD):    4.916ns
    Clock Pessimism Removal (CPR):    0.363ns
  Clock Uncertainty:      0.069ns  ((TSJ^2 + DJ^2)^1/2) / 2 + PE
    Total System Jitter     (TSJ):    0.071ns
    Discrete Jitter          (DJ):    0.119ns
    Phase Error              (PE):    0.000ns

    Location             Delay type                Incr(ns)  Path(ns)    Netlist Resource(s)
  -------------------------------------------------------------------    -------------------
                         (clock clk_out1_system_pll_0_0 rise edge)
                                                      0.000     0.000 r  
    U18                                               0.000     0.000 r  adc_clk_p_i (IN)
                         net (fo=0)                   0.000     0.000    system_i/pll_0/inst/clk_in1_p
    U18                  IBUFDS (Prop_ibufds_I_O)     0.983     0.983 r  system_i/pll_0/inst/clkin1_ibufgds/O
                         net (fo=1, routed)           2.076     3.059    system_i/pll_0/inst/clk_in1_system_pll_0_0_buf
    BUFGCTRL_X0Y4        BUFG (Prop_bufg_I_O)         0.102     3.161 r  system_i/pll_0/inst/clkin1_bufg1/O
                         net (fo=1, routed)           1.702     4.863    system_i/pll_0/inst/clk_in1_system_pll_0_0
    PLLE2_ADV_X0Y0       PLLE2_ADV (Prop_plle2_adv_CLKIN1_CLKOUT0)
                                                     -3.557     1.306 r  system_i/pll_0/inst/plle2_adv_inst/CLKOUT0
                         net (fo=1, routed)           1.754     3.060    system_i/pll_0/inst/clk_out1_system_pll_0_0
    BUFGCTRL_X0Y0        BUFG (Prop_bufg_I_O)         0.101     3.161 r  system_i/pll_0/inst/clkout1_buf/O
                         net (fo=10074, routed)       1.755     4.916    system_i/rx_0/GMSK_Demod/gmsk_simbolo/gmsk_symbol_phase_ac_0/inst/clk
    DSP48_X0Y25          DSP48E1                                      r  system_i/rx_0/GMSK_Demod/gmsk_simbolo/gmsk_symbol_phase_ac_0/inst/y_reg_reg/CLK
  -------------------------------------------------------------------    -------------------
    DSP48_X0Y25          DSP48E1 (Prop_dsp48e1_CLK_P[25])
                                                      0.434     5.350 r  system_i/rx_0/GMSK_Demod/gmsk_simbolo/gmsk_symbol_phase_ac_0/inst/y_reg_reg/P[25]
                         net (fo=4, routed)           1.554     6.904    system_i/rx_0/GMSK_Demod/gmsk_simbolo/gmsk_symbol_phase_ac_0/inst/y_reg_reg_n_80
    DSP48_X0Y30          DSP48E1 (Prop_dsp48e1_A[18]_PCOUT[13])
                                                      4.036    10.940 r  system_i/rx_0/GMSK_Demod/gmsk_simbolo/gmsk_symbol_phase_ac_0/inst/hi_sin_reg0/PCOUT[13]
                         net (fo=1, routed)           0.002    10.942    system_i/rx_0/GMSK_Demod/gmsk_simbolo/gmsk_symbol_phase_ac_0/inst/hi_sin_reg0_n_140
    DSP48_X0Y31          DSP48E1                                      r  system_i/rx_0/GMSK_Demod/gmsk_simbolo/gmsk_symbol_phase_ac_0/inst/hi_sin_reg_reg/PCIN[13]
  -------------------------------------------------------------------    -------------------

                         (clock clk_out1_system_pll_0_0 rise edge)
                                                      8.000     8.000 r  
    U18                                               0.000     8.000 r  adc_clk_p_i (IN)
                         net (fo=0)                   0.000     8.000    system_i/pll_0/inst/clk_in1_p
    U18                  IBUFDS (Prop_ibufds_I_O)     0.940     8.940 r  system_i/pll_0/inst/clkin1_ibufgds/O
                         net (fo=1, routed)           1.880    10.820    system_i/pll_0/inst/clk_in1_system_pll_0_0_buf
    BUFGCTRL_X0Y4        BUFG (Prop_bufg_I_O)         0.092    10.912 r  system_i/pll_0/inst/clkin1_bufg1/O
                         net (fo=1, routed)           1.509    12.421    system_i/pll_0/inst/clk_in1_system_pll_0_0
    PLLE2_ADV_X0Y0       PLLE2_ADV (Prop_plle2_adv_CLKIN1_CLKOUT0)
                                                     -3.194     9.227 r  system_i/pll_0/inst/plle2_adv_inst/CLKOUT0
                         net (fo=1, routed)           1.594    10.821    system_i/pll_0/inst/clk_out1_system_pll_0_0
    BUFGCTRL_X0Y0        BUFG (Prop_bufg_I_O)         0.091    10.912 r  system_i/pll_0/inst/clkout1_buf/O
                         net (fo=10074, routed)       1.574    12.486    system_i/rx_0/GMSK_Demod/gmsk_simbolo/gmsk_symbol_phase_ac_0/inst/clk
    DSP48_X0Y31          DSP48E1                                      r  system_i/rx_0/GMSK_Demod/gmsk_simbolo/gmsk_symbol_phase_ac_0/inst/hi_sin_reg_reg/CLK
                         clock pessimism              0.363    12.850    
                         clock uncertainty           -0.069    12.780    
    DSP48_X0Y31          DSP48E1 (Setup_dsp48e1_CLK_PCIN[13])
                                                     -1.400    11.380    system_i/rx_0/GMSK_Demod/gmsk_simbolo/gmsk_symbol_phase_ac_0/inst/hi_sin_reg_reg
  -------------------------------------------------------------------
                         required time                         11.380    
                         arrival time                         -10.942    
  -------------------------------------------------------------------
                         slack                                  0.438    

Slack (MET) :             0.438ns  (required time - arrival time)
  Source:                 system_i/rx_0/GMSK_Demod/gmsk_simbolo/gmsk_symbol_phase_ac_0/inst/y_reg_reg/CLK
                            (rising edge-triggered cell DSP48E1 clocked by clk_out1_system_pll_0_0  {rise@0.000ns fall@4.000ns period=8.000ns})
  Destination:            system_i/rx_0/GMSK_Demod/gmsk_simbolo/gmsk_symbol_phase_ac_0/inst/hi_sin_reg_reg/PCIN[14]
                            (rising edge-triggered cell DSP48E1 clocked by clk_out1_system_pll_0_0  {rise@0.000ns fall@4.000ns period=8.000ns})
  Path Group:             clk_out1_system_pll_0_0
  Path Type:              Setup (Max at Slow Process Corner)
  Requirement:            8.000ns  (clk_out1_system_pll_0_0 rise@8.000ns - clk_out1_system_pll_0_0 rise@0.000ns)
  Data Path Delay:        6.026ns  (logic 4.470ns (74.176%)  route 1.556ns (25.824%))
  Logic Levels:           1  (DSP48E1=1)
  Clock Path Skew:        -0.066ns (DCD - SCD + CPR)
    Destination Clock Delay (DCD):    4.486ns = ( 12.486 - 8.000 ) 
    Source Clock Delay      (SCD):    4.916ns
    Clock Pessimism Removal (CPR):    0.363ns
  Clock Uncertainty:      0.069ns  ((TSJ^2 + DJ^2)^1/2) / 2 + PE
    Total System Jitter     (TSJ):    0.071ns
    Discrete Jitter          (DJ):    0.119ns
    Phase Error              (PE):    0.000ns

    Location             Delay type                Incr(ns)  Path(ns)    Netlist Resource(s)
  -------------------------------------------------------------------    -------------------
                         (clock clk_out1_system_pll_0_0 rise edge)
                                                      0.000     0.000 r  
    U18                                               0.000     0.000 r  adc_clk_p_i (IN)
                         net (fo=0)                   0.000     0.000    system_i/pll_0/inst/clk_in1_p
    U18                  IBUFDS (Prop_ibufds_I_O)     0.983     0.983 r  system_i/pll_0/inst/clkin1_ibufgds/O
                         net (fo=1, routed)           2.076     3.059    system_i/pll_0/inst/clk_in1_system_pll_0_0_buf
    BUFGCTRL_X0Y4        BUFG (Prop_bufg_I_O)         0.102     3.161 r  system_i/pll_0/inst/clkin1_bufg1/O
                         net (fo=1, routed)           1.702     4.863    system_i/pll_0/inst/clk_in1_system_pll_0_0
    PLLE2_ADV_X0Y0       PLLE2_ADV (Prop_plle2_adv_CLKIN1_CLKOUT0)
                                                     -3.557     1.306 r  system_i/pll_0/inst/plle2_adv_inst/CLKOUT0
                         net (fo=1, routed)           1.754     3.060    system_i/pll_0/inst/clk_out1_system_pll_0_0
    BUFGCTRL_X0Y0        BUFG (Prop_bufg_I_O)         0.101     3.161 r  system_i/pll_0/inst/clkout1_buf/O
                         net (fo=10074, routed)       1.755     4.916    system_i/rx_0/GMSK_Demod/gmsk_simbolo/gmsk_symbol_phase_ac_0/inst/clk
    DSP48_X0Y25          DSP48E1                                      r  system_i/rx_0/GMSK_Demod/gmsk_simbolo/gmsk_symbol_phase_ac_0/inst/y_reg_reg/CLK
  -------------------------------------------------------------------    -------------------
    DSP48_X0Y25          DSP48E1 (Prop_dsp48e1_CLK_P[25])
                                                      0.434     5.350 r  system_i/rx_0/GMSK_Demod/gmsk_simbolo/gmsk_symbol_phase_ac_0/inst/y_reg_reg/P[25]
                         net (fo=4, routed)           1.554     6.904    system_i/rx_0/GMSK_Demod/gmsk_simbolo/gmsk_symbol_phase_ac_0/inst/y_reg_reg_n_80
    DSP48_X0Y30          DSP48E1 (Prop_dsp48e1_A[18]_PCOUT[14])
                                                      4.036    10.940 r  system_i/rx_0/GMSK_Demod/gmsk_simbolo/gmsk_symbol_phase_ac_0/inst/hi_sin_reg0/PCOUT[14]
                         net (fo=1, routed)           0.002    10.942    system_i/rx_0/GMSK_Demod/gmsk_simbolo/gmsk_symbol_phase_ac_0/inst/hi_sin_reg0_n_139
    DSP48_X0Y31          DSP48E1                                      r  system_i/rx_0/GMSK_Demod/gmsk_simbolo/gmsk_symbol_phase_ac_0/inst/hi_sin_reg_reg/PCIN[14]
  -------------------------------------------------------------------    -------------------

                         (clock clk_out1_system_pll_0_0 rise edge)
                                                      8.000     8.000 r  
    U18                                               0.000     8.000 r  adc_clk_p_i (IN)
                         net (fo=0)                   0.000     8.000    system_i/pll_0/inst/clk_in1_p
    U18                  IBUFDS (Prop_ibufds_I_O)     0.940     8.940 r  system_i/pll_0/inst/clkin1_ibufgds/O
                         net (fo=1, routed)           1.880    10.820    system_i/pll_0/inst/clk_in1_system_pll_0_0_buf
    BUFGCTRL_X0Y4        BUFG (Prop_bufg_I_O)         0.092    10.912 r  system_i/pll_0/inst/clkin1_bufg1/O
                         net (fo=1, routed)           1.509    12.421    system_i/pll_0/inst/clk_in1_system_pll_0_0
    PLLE2_ADV_X0Y0       PLLE2_ADV (Prop_plle2_adv_CLKIN1_CLKOUT0)
                                                     -3.194     9.227 r  system_i/pll_0/inst/plle2_adv_inst/CLKOUT0
                         net (fo=1, routed)           1.594    10.821    system_i/pll_0/inst/clk_out1_system_pll_0_0
    BUFGCTRL_X0Y0        BUFG (Prop_bufg_I_O)         0.091    10.912 r  system_i/pll_0/inst/clkout1_buf/O
                         net (fo=10074, routed)       1.574    12.486    system_i/rx_0/GMSK_Demod/gmsk_simbolo/gmsk_symbol_phase_ac_0/inst/clk
    DSP48_X0Y31          DSP48E1                                      r  system_i/rx_0/GMSK_Demod/gmsk_simbolo/gmsk_symbol_phase_ac_0/inst/hi_sin_reg_reg/CLK
                         clock pessimism              0.363    12.850    
                         clock uncertainty           -0.069    12.780    
    DSP48_X0Y31          DSP48E1 (Setup_dsp48e1_CLK_PCIN[14])
                                                     -1.400    11.380    system_i/rx_0/GMSK_Demod/gmsk_simbolo/gmsk_symbol_phase_ac_0/inst/hi_sin_reg_reg
  -------------------------------------------------------------------
                         required time                         11.380    
                         arrival time                         -10.942    
  -------------------------------------------------------------------
                         slack                                  0.438    

Slack (MET) :             0.438ns  (required time - arrival time)
  Source:                 system_i/rx_0/GMSK_Demod/gmsk_simbolo/gmsk_symbol_phase_ac_0/inst/y_reg_reg/CLK
                            (rising edge-triggered cell DSP48E1 clocked by clk_out1_system_pll_0_0  {rise@0.000ns fall@4.000ns period=8.000ns})
  Destination:            system_i/rx_0/GMSK_Demod/gmsk_simbolo/gmsk_symbol_phase_ac_0/inst/hi_sin_reg_reg/PCIN[15]
                            (rising edge-triggered cell DSP48E1 clocked by clk_out1_system_pll_0_0  {rise@0.000ns fall@4.000ns period=8.000ns})
  Path Group:             clk_out1_system_pll_0_0
  Path Type:              Setup (Max at Slow Process Corner)
  Requirement:            8.000ns  (clk_out1_system_pll_0_0 rise@8.000ns - clk_out1_system_pll_0_0 rise@0.000ns)
  Data Path Delay:        6.026ns  (logic 4.470ns (74.176%)  route 1.556ns (25.824%))
  Logic Levels:           1  (DSP48E1=1)
  Clock Path Skew:        -0.066ns (DCD - SCD + CPR)
    Destination Clock Delay (DCD):    4.486ns = ( 12.486 - 8.000 ) 
    Source Clock Delay      (SCD):    4.916ns
    Clock Pessimism Removal (CPR):    0.363ns
  Clock Uncertainty:      0.069ns  ((TSJ^2 + DJ^2)^1/2) / 2 + PE
    Total System Jitter     (TSJ):    0.071ns
    Discrete Jitter          (DJ):    0.119ns
    Phase Error              (PE):    0.000ns

    Location             Delay type                Incr(ns)  Path(ns)    Netlist Resource(s)
  -------------------------------------------------------------------    -------------------
                         (clock clk_out1_system_pll_0_0 rise edge)
                                                      0.000     0.000 r  
    U18                                               0.000     0.000 r  adc_clk_p_i (IN)
                         net (fo=0)                   0.000     0.000    system_i/pll_0/inst/clk_in1_p
    U18                  IBUFDS (Prop_ibufds_I_O)     0.983     0.983 r  system_i/pll_0/inst/clkin1_ibufgds/O
                         net (fo=1, routed)           2.076     3.059    system_i/pll_0/inst/clk_in1_system_pll_0_0_buf
    BUFGCTRL_X0Y4        BUFG (Prop_bufg_I_O)         0.102     3.161 r  system_i/pll_0/inst/clkin1_bufg1/O
                         net (fo=1, routed)           1.702     4.863    system_i/pll_0/inst/clk_in1_system_pll_0_0
    PLLE2_ADV_X0Y0       PLLE2_ADV (Prop_plle2_adv_CLKIN1_CLKOUT0)
                                                     -3.557     1.306 r  system_i/pll_0/inst/plle2_adv_inst/CLKOUT0
                         net (fo=1, routed)           1.754     3.060    system_i/pll_0/inst/clk_out1_system_pll_0_0
    BUFGCTRL_X0Y0        BUFG (Prop_bufg_I_O)         0.101     3.161 r  system_i/pll_0/inst/clkout1_buf/O
                         net (fo=10074, routed)       1.755     4.916    system_i/rx_0/GMSK_Demod/gmsk_simbolo/gmsk_symbol_phase_ac_0/inst/clk
    DSP48_X0Y25          DSP48E1                                      r  system_i/rx_0/GMSK_Demod/gmsk_simbolo/gmsk_symbol_phase_ac_0/inst/y_reg_reg/CLK
  -------------------------------------------------------------------    -------------------
    DSP48_X0Y25          DSP48E1 (Prop_dsp48e1_CLK_P[25])
                                                      0.434     5.350 r  system_i/rx_0/GMSK_Demod/gmsk_simbolo/gmsk_symbol_phase_ac_0/inst/y_reg_reg/P[25]
                         net (fo=4, routed)           1.554     6.904    system_i/rx_0/GMSK_Demod/gmsk_simbolo/gmsk_symbol_phase_ac_0/inst/y_reg_reg_n_80
    DSP48_X0Y30          DSP48E1 (Prop_dsp48e1_A[18]_PCOUT[15])
                                                      4.036    10.940 r  system_i/rx_0/GMSK_Demod/gmsk_simbolo/gmsk_symbol_phase_ac_0/inst/hi_sin_reg0/PCOUT[15]
                         net (fo=1, routed)           0.002    10.942    system_i/rx_0/GMSK_Demod/gmsk_simbolo/gmsk_symbol_phase_ac_0/inst/hi_sin_reg0_n_138
    DSP48_X0Y31          DSP48E1                                      r  system_i/rx_0/GMSK_Demod/gmsk_simbolo/gmsk_symbol_phase_ac_0/inst/hi_sin_reg_reg/PCIN[15]
  -------------------------------------------------------------------    -------------------

                         (clock clk_out1_system_pll_0_0 rise edge)
                                                      8.000     8.000 r  
    U18                                               0.000     8.000 r  adc_clk_p_i (IN)
                         net (fo=0)                   0.000     8.000    system_i/pll_0/inst/clk_in1_p
    U18                  IBUFDS (Prop_ibufds_I_O)     0.940     8.940 r  system_i/pll_0/inst/clkin1_ibufgds/O
                         net (fo=1, routed)           1.880    10.820    system_i/pll_0/inst/clk_in1_system_pll_0_0_buf
    BUFGCTRL_X0Y4        BUFG (Prop_bufg_I_O)         0.092    10.912 r  system_i/pll_0/inst/clkin1_bufg1/O
                         net (fo=1, routed)           1.509    12.421    system_i/pll_0/inst/clk_in1_system_pll_0_0
    PLLE2_ADV_X0Y0       PLLE2_ADV (Prop_plle2_adv_CLKIN1_CLKOUT0)
                                                     -3.194     9.227 r  system_i/pll_0/inst/plle2_adv_inst/CLKOUT0
                         net (fo=1, routed)           1.594    10.821    system_i/pll_0/inst/clk_out1_system_pll_0_0
    BUFGCTRL_X0Y0        BUFG (Prop_bufg_I_O)         0.091    10.912 r  system_i/pll_0/inst/clkout1_buf/O
                         net (fo=10074, routed)       1.574    12.486    system_i/rx_0/GMSK_Demod/gmsk_simbolo/gmsk_symbol_phase_ac_0/inst/clk
    DSP48_X0Y31          DSP48E1                                      r  system_i/rx_0/GMSK_Demod/gmsk_simbolo/gmsk_symbol_phase_ac_0/inst/hi_sin_reg_reg/CLK
                         clock pessimism              0.363    12.850    
                         clock uncertainty           -0.069    12.780    
    DSP48_X0Y31          DSP48E1 (Setup_dsp48e1_CLK_PCIN[15])
                                                     -1.400    11.380    system_i/rx_0/GMSK_Demod/gmsk_simbolo/gmsk_symbol_phase_ac_0/inst/hi_sin_reg_reg
  -------------------------------------------------------------------
                         required time                         11.380    
                         arrival time                         -10.942    
  -------------------------------------------------------------------
                         slack                                  0.438    

Slack (MET) :             0.438ns  (required time - arrival time)
  Source:                 system_i/rx_0/GMSK_Demod/gmsk_simbolo/gmsk_symbol_phase_ac_0/inst/y_reg_reg/CLK
                            (rising edge-triggered cell DSP48E1 clocked by clk_out1_system_pll_0_0  {rise@0.000ns fall@4.000ns period=8.000ns})
  Destination:            system_i/rx_0/GMSK_Demod/gmsk_simbolo/gmsk_symbol_phase_ac_0/inst/hi_sin_reg_reg/PCIN[16]
                            (rising edge-triggered cell DSP48E1 clocked by clk_out1_system_pll_0_0  {rise@0.000ns fall@4.000ns period=8.000ns})
  Path Group:             clk_out1_system_pll_0_0
  Path Type:              Setup (Max at Slow Process Corner)
  Requirement:            8.000ns  (clk_out1_system_pll_0_0 rise@8.000ns - clk_out1_system_pll_0_0 rise@0.000ns)
  Data Path Delay:        6.026ns  (logic 4.470ns (74.176%)  route 1.556ns (25.824%))
  Logic Levels:           1  (DSP48E1=1)
  Clock Path Skew:        -0.066ns (DCD - SCD + CPR)
    Destination Clock Delay (DCD):    4.486ns = ( 12.486 - 8.000 ) 
    Source Clock Delay      (SCD):    4.916ns
    Clock Pessimism Removal (CPR):    0.363ns
  Clock Uncertainty:      0.069ns  ((TSJ^2 + DJ^2)^1/2) / 2 + PE
    Total System Jitter     (TSJ):    0.071ns
    Discrete Jitter          (DJ):    0.119ns
    Phase Error              (PE):    0.000ns

    Location             Delay type                Incr(ns)  Path(ns)    Netlist Resource(s)
  -------------------------------------------------------------------    -------------------
                         (clock clk_out1_system_pll_0_0 rise edge)
                                                      0.000     0.000 r  
    U18                                               0.000     0.000 r  adc_clk_p_i (IN)
                         net (fo=0)                   0.000     0.000    system_i/pll_0/inst/clk_in1_p
    U18                  IBUFDS (Prop_ibufds_I_O)     0.983     0.983 r  system_i/pll_0/inst/clkin1_ibufgds/O
                         net (fo=1, routed)           2.076     3.059    system_i/pll_0/inst/clk_in1_system_pll_0_0_buf
    BUFGCTRL_X0Y4        BUFG (Prop_bufg_I_O)         0.102     3.161 r  system_i/pll_0/inst/clkin1_bufg1/O
                         net (fo=1, routed)           1.702     4.863    system_i/pll_0/inst/clk_in1_system_pll_0_0
    PLLE2_ADV_X0Y0       PLLE2_ADV (Prop_plle2_adv_CLKIN1_CLKOUT0)
                                                     -3.557     1.306 r  system_i/pll_0/inst/plle2_adv_inst/CLKOUT0
                         net (fo=1, routed)           1.754     3.060    system_i/pll_0/inst/clk_out1_system_pll_0_0
    BUFGCTRL_X0Y0        BUFG (Prop_bufg_I_O)         0.101     3.161 r  system_i/pll_0/inst/clkout1_buf/O
                         net (fo=10074, routed)       1.755     4.916    system_i/rx_0/GMSK_Demod/gmsk_simbolo/gmsk_symbol_phase_ac_0/inst/clk
    DSP48_X0Y25          DSP48E1                                      r  system_i/rx_0/GMSK_Demod/gmsk_simbolo/gmsk_symbol_phase_ac_0/inst/y_reg_reg/CLK
  -------------------------------------------------------------------    -------------------
    DSP48_X0Y25          DSP48E1 (Prop_dsp48e1_CLK_P[25])
                                                      0.434     5.350 r  system_i/rx_0/GMSK_Demod/gmsk_simbolo/gmsk_symbol_phase_ac_0/inst/y_reg_reg/P[25]
                         net (fo=4, routed)           1.554     6.904    system_i/rx_0/GMSK_Demod/gmsk_simbolo/gmsk_symbol_phase_ac_0/inst/y_reg_reg_n_80
    DSP48_X0Y30          DSP48E1 (Prop_dsp48e1_A[18]_PCOUT[16])
                                                      4.036    10.940 r  system_i/rx_0/GMSK_Demod/gmsk_simbolo/gmsk_symbol_phase_ac_0/inst/hi_sin_reg0/PCOUT[16]
                         net (fo=1, routed)           0.002    10.942    system_i/rx_0/GMSK_Demod/gmsk_simbolo/gmsk_symbol_phase_ac_0/inst/hi_sin_reg0_n_137
    DSP48_X0Y31          DSP48E1                                      r  system_i/rx_0/GMSK_Demod/gmsk_simbolo/gmsk_symbol_phase_ac_0/inst/hi_sin_reg_reg/PCIN[16]
  -------------------------------------------------------------------    -------------------

                         (clock clk_out1_system_pll_0_0 rise edge)
                                                      8.000     8.000 r  
    U18                                               0.000     8.000 r  adc_clk_p_i (IN)
                         net (fo=0)                   0.000     8.000    system_i/pll_0/inst/clk_in1_p
    U18                  IBUFDS (Prop_ibufds_I_O)     0.940     8.940 r  system_i/pll_0/inst/clkin1_ibufgds/O
                         net (fo=1, routed)           1.880    10.820    system_i/pll_0/inst/clk_in1_system_pll_0_0_buf
    BUFGCTRL_X0Y4        BUFG (Prop_bufg_I_O)         0.092    10.912 r  system_i/pll_0/inst/clkin1_bufg1/O
                         net (fo=1, routed)           1.509    12.421    system_i/pll_0/inst/clk_in1_system_pll_0_0
    PLLE2_ADV_X0Y0       PLLE2_ADV (Prop_plle2_adv_CLKIN1_CLKOUT0)
                                                     -3.194     9.227 r  system_i/pll_0/inst/plle2_adv_inst/CLKOUT0
                         net (fo=1, routed)           1.594    10.821    system_i/pll_0/inst/clk_out1_system_pll_0_0
    BUFGCTRL_X0Y0        BUFG (Prop_bufg_I_O)         0.091    10.912 r  system_i/pll_0/inst/clkout1_buf/O
                         net (fo=10074, routed)       1.574    12.486    system_i/rx_0/GMSK_Demod/gmsk_simbolo/gmsk_symbol_phase_ac_0/inst/clk
    DSP48_X0Y31          DSP48E1                                      r  system_i/rx_0/GMSK_Demod/gmsk_simbolo/gmsk_symbol_phase_ac_0/inst/hi_sin_reg_reg/CLK
                         clock pessimism              0.363    12.850    
                         clock uncertainty           -0.069    12.780    
    DSP48_X0Y31          DSP48E1 (Setup_dsp48e1_CLK_PCIN[16])
                                                     -1.400    11.380    system_i/rx_0/GMSK_Demod/gmsk_simbolo/gmsk_symbol_phase_ac_0/inst/hi_sin_reg_reg
  -------------------------------------------------------------------
                         required time                         11.380    
                         arrival time                         -10.942    
  -------------------------------------------------------------------
                         slack                                  0.438    

Slack (MET) :             0.438ns  (required time - arrival time)
  Source:                 system_i/rx_0/GMSK_Demod/gmsk_simbolo/gmsk_symbol_phase_ac_0/inst/y_reg_reg/CLK
                            (rising edge-triggered cell DSP48E1 clocked by clk_out1_system_pll_0_0  {rise@0.000ns fall@4.000ns period=8.000ns})
  Destination:            system_i/rx_0/GMSK_Demod/gmsk_simbolo/gmsk_symbol_phase_ac_0/inst/hi_sin_reg_reg/PCIN[17]
                            (rising edge-triggered cell DSP48E1 clocked by clk_out1_system_pll_0_0  {rise@0.000ns fall@4.000ns period=8.000ns})
  Path Group:             clk_out1_system_pll_0_0
  Path Type:              Setup (Max at Slow Process Corner)
  Requirement:            8.000ns  (clk_out1_system_pll_0_0 rise@8.000ns - clk_out1_system_pll_0_0 rise@0.000ns)
  Data Path Delay:        6.026ns  (logic 4.470ns (74.176%)  route 1.556ns (25.824%))
  Logic Levels:           1  (DSP48E1=1)
  Clock Path Skew:        -0.066ns (DCD - SCD + CPR)
    Destination Clock Delay (DCD):    4.486ns = ( 12.486 - 8.000 ) 
    Source Clock Delay      (SCD):    4.916ns
    Clock Pessimism Removal (CPR):    0.363ns
  Clock Uncertainty:      0.069ns  ((TSJ^2 + DJ^2)^1/2) / 2 + PE
    Total System Jitter     (TSJ):    0.071ns
    Discrete Jitter          (DJ):    0.119ns
    Phase Error              (PE):    0.000ns

    Location             Delay type                Incr(ns)  Path(ns)    Netlist Resource(s)
  -------------------------------------------------------------------    -------------------
                         (clock clk_out1_system_pll_0_0 rise edge)
                                                      0.000     0.000 r  
    U18                                               0.000     0.000 r  adc_clk_p_i (IN)
                         net (fo=0)                   0.000     0.000    system_i/pll_0/inst/clk_in1_p
    U18                  IBUFDS (Prop_ibufds_I_O)     0.983     0.983 r  system_i/pll_0/inst/clkin1_ibufgds/O
                         net (fo=1, routed)           2.076     3.059    system_i/pll_0/inst/clk_in1_system_pll_0_0_buf
    BUFGCTRL_X0Y4        BUFG (Prop_bufg_I_O)         0.102     3.161 r  system_i/pll_0/inst/clkin1_bufg1/O
                         net (fo=1, routed)           1.702     4.863    system_i/pll_0/inst/clk_in1_system_pll_0_0
    PLLE2_ADV_X0Y0       PLLE2_ADV (Prop_plle2_adv_CLKIN1_CLKOUT0)
                                                     -3.557     1.306 r  system_i/pll_0/inst/plle2_adv_inst/CLKOUT0
                         net (fo=1, routed)           1.754     3.060    system_i/pll_0/inst/clk_out1_system_pll_0_0
    BUFGCTRL_X0Y0        BUFG (Prop_bufg_I_O)         0.101     3.161 r  system_i/pll_0/inst/clkout1_buf/O
                         net (fo=10074, routed)       1.755     4.916    system_i/rx_0/GMSK_Demod/gmsk_simbolo/gmsk_symbol_phase_ac_0/inst/clk
    DSP48_X0Y25          DSP48E1                                      r  system_i/rx_0/GMSK_Demod/gmsk_simbolo/gmsk_symbol_phase_ac_0/inst/y_reg_reg/CLK
  -------------------------------------------------------------------    -------------------
    DSP48_X0Y25          DSP48E1 (Prop_dsp48e1_CLK_P[25])
                                                      0.434     5.350 r  system_i/rx_0/GMSK_Demod/gmsk_simbolo/gmsk_symbol_phase_ac_0/inst/y_reg_reg/P[25]
                         net (fo=4, routed)           1.554     6.904    system_i/rx_0/GMSK_Demod/gmsk_simbolo/gmsk_symbol_phase_ac_0/inst/y_reg_reg_n_80
    DSP48_X0Y30          DSP48E1 (Prop_dsp48e1_A[18]_PCOUT[17])
                                                      4.036    10.940 r  system_i/rx_0/GMSK_Demod/gmsk_simbolo/gmsk_symbol_phase_ac_0/inst/hi_sin_reg0/PCOUT[17]
                         net (fo=1, routed)           0.002    10.942    system_i/rx_0/GMSK_Demod/gmsk_simbolo/gmsk_symbol_phase_ac_0/inst/hi_sin_reg0_n_136
    DSP48_X0Y31          DSP48E1                                      r  system_i/rx_0/GMSK_Demod/gmsk_simbolo/gmsk_symbol_phase_ac_0/inst/hi_sin_reg_reg/PCIN[17]
  -------------------------------------------------------------------    -------------------

                         (clock clk_out1_system_pll_0_0 rise edge)
                                                      8.000     8.000 r  
    U18                                               0.000     8.000 r  adc_clk_p_i (IN)
                         net (fo=0)                   0.000     8.000    system_i/pll_0/inst/clk_in1_p
    U18                  IBUFDS (Prop_ibufds_I_O)     0.940     8.940 r  system_i/pll_0/inst/clkin1_ibufgds/O
                         net (fo=1, routed)           1.880    10.820    system_i/pll_0/inst/clk_in1_system_pll_0_0_buf
    BUFGCTRL_X0Y4        BUFG (Prop_bufg_I_O)         0.092    10.912 r  system_i/pll_0/inst/clkin1_bufg1/O
                         net (fo=1, routed)           1.509    12.421    system_i/pll_0/inst/clk_in1_system_pll_0_0
    PLLE2_ADV_X0Y0       PLLE2_ADV (Prop_plle2_adv_CLKIN1_CLKOUT0)
                                                     -3.194     9.227 r  system_i/pll_0/inst/plle2_adv_inst/CLKOUT0
                         net (fo=1, routed)           1.594    10.821    system_i/pll_0/inst/clk_out1_system_pll_0_0
    BUFGCTRL_X0Y0        BUFG (Prop_bufg_I_O)         0.091    10.912 r  system_i/pll_0/inst/clkout1_buf/O
                         net (fo=10074, routed)       1.574    12.486    system_i/rx_0/GMSK_Demod/gmsk_simbolo/gmsk_symbol_phase_ac_0/inst/clk
    DSP48_X0Y31          DSP48E1                                      r  system_i/rx_0/GMSK_Demod/gmsk_simbolo/gmsk_symbol_phase_ac_0/inst/hi_sin_reg_reg/CLK
                         clock pessimism              0.363    12.850    
                         clock uncertainty           -0.069    12.780    
    DSP48_X0Y31          DSP48E1 (Setup_dsp48e1_CLK_PCIN[17])
                                                     -1.400    11.380    system_i/rx_0/GMSK_Demod/gmsk_simbolo/gmsk_symbol_phase_ac_0/inst/hi_sin_reg_reg
  -------------------------------------------------------------------
                         required time                         11.380    
                         arrival time                         -10.942    
  -------------------------------------------------------------------
                         slack                                  0.438    

Slack (MET) :             0.438ns  (required time - arrival time)
  Source:                 system_i/rx_0/GMSK_Demod/gmsk_simbolo/gmsk_symbol_phase_ac_0/inst/y_reg_reg/CLK
                            (rising edge-triggered cell DSP48E1 clocked by clk_out1_system_pll_0_0  {rise@0.000ns fall@4.000ns period=8.000ns})
  Destination:            system_i/rx_0/GMSK_Demod/gmsk_simbolo/gmsk_symbol_phase_ac_0/inst/hi_sin_reg_reg/PCIN[18]
                            (rising edge-triggered cell DSP48E1 clocked by clk_out1_system_pll_0_0  {rise@0.000ns fall@4.000ns period=8.000ns})
  Path Group:             clk_out1_system_pll_0_0
  Path Type:              Setup (Max at Slow Process Corner)
  Requirement:            8.000ns  (clk_out1_system_pll_0_0 rise@8.000ns - clk_out1_system_pll_0_0 rise@0.000ns)
  Data Path Delay:        6.026ns  (logic 4.470ns (74.176%)  route 1.556ns (25.824%))
  Logic Levels:           1  (DSP48E1=1)
  Clock Path Skew:        -0.066ns (DCD - SCD + CPR)
    Destination Clock Delay (DCD):    4.486ns = ( 12.486 - 8.000 ) 
    Source Clock Delay      (SCD):    4.916ns
    Clock Pessimism Removal (CPR):    0.363ns
  Clock Uncertainty:      0.069ns  ((TSJ^2 + DJ^2)^1/2) / 2 + PE
    Total System Jitter     (TSJ):    0.071ns
    Discrete Jitter          (DJ):    0.119ns
    Phase Error              (PE):    0.000ns

    Location             Delay type                Incr(ns)  Path(ns)    Netlist Resource(s)
  -------------------------------------------------------------------    -------------------
                         (clock clk_out1_system_pll_0_0 rise edge)
                                                      0.000     0.000 r  
    U18                                               0.000     0.000 r  adc_clk_p_i (IN)
                         net (fo=0)                   0.000     0.000    system_i/pll_0/inst/clk_in1_p
    U18                  IBUFDS (Prop_ibufds_I_O)     0.983     0.983 r  system_i/pll_0/inst/clkin1_ibufgds/O
                         net (fo=1, routed)           2.076     3.059    system_i/pll_0/inst/clk_in1_system_pll_0_0_buf
    BUFGCTRL_X0Y4        BUFG (Prop_bufg_I_O)         0.102     3.161 r  system_i/pll_0/inst/clkin1_bufg1/O
                         net (fo=1, routed)           1.702     4.863    system_i/pll_0/inst/clk_in1_system_pll_0_0
    PLLE2_ADV_X0Y0       PLLE2_ADV (Prop_plle2_adv_CLKIN1_CLKOUT0)
                                                     -3.557     1.306 r  system_i/pll_0/inst/plle2_adv_inst/CLKOUT0
                         net (fo=1, routed)           1.754     3.060    system_i/pll_0/inst/clk_out1_system_pll_0_0
    BUFGCTRL_X0Y0        BUFG (Prop_bufg_I_O)         0.101     3.161 r  system_i/pll_0/inst/clkout1_buf/O
                         net (fo=10074, routed)       1.755     4.916    system_i/rx_0/GMSK_Demod/gmsk_simbolo/gmsk_symbol_phase_ac_0/inst/clk
    DSP48_X0Y25          DSP48E1                                      r  system_i/rx_0/GMSK_Demod/gmsk_simbolo/gmsk_symbol_phase_ac_0/inst/y_reg_reg/CLK
  -------------------------------------------------------------------    -------------------
    DSP48_X0Y25          DSP48E1 (Prop_dsp48e1_CLK_P[25])
                                                      0.434     5.350 r  system_i/rx_0/GMSK_Demod/gmsk_simbolo/gmsk_symbol_phase_ac_0/inst/y_reg_reg/P[25]
                         net (fo=4, routed)           1.554     6.904    system_i/rx_0/GMSK_Demod/gmsk_simbolo/gmsk_symbol_phase_ac_0/inst/y_reg_reg_n_80
    DSP48_X0Y30          DSP48E1 (Prop_dsp48e1_A[18]_PCOUT[18])
                                                      4.036    10.940 r  system_i/rx_0/GMSK_Demod/gmsk_simbolo/gmsk_symbol_phase_ac_0/inst/hi_sin_reg0/PCOUT[18]
                         net (fo=1, routed)           0.002    10.942    system_i/rx_0/GMSK_Demod/gmsk_simbolo/gmsk_symbol_phase_ac_0/inst/hi_sin_reg0_n_135
    DSP48_X0Y31          DSP48E1                                      r  system_i/rx_0/GMSK_Demod/gmsk_simbolo/gmsk_symbol_phase_ac_0/inst/hi_sin_reg_reg/PCIN[18]
  -------------------------------------------------------------------    -------------------

                         (clock clk_out1_system_pll_0_0 rise edge)
                                                      8.000     8.000 r  
    U18                                               0.000     8.000 r  adc_clk_p_i (IN)
                         net (fo=0)                   0.000     8.000    system_i/pll_0/inst/clk_in1_p
    U18                  IBUFDS (Prop_ibufds_I_O)     0.940     8.940 r  system_i/pll_0/inst/clkin1_ibufgds/O
                         net (fo=1, routed)           1.880    10.820    system_i/pll_0/inst/clk_in1_system_pll_0_0_buf
    BUFGCTRL_X0Y4        BUFG (Prop_bufg_I_O)         0.092    10.912 r  system_i/pll_0/inst/clkin1_bufg1/O
                         net (fo=1, routed)           1.509    12.421    system_i/pll_0/inst/clk_in1_system_pll_0_0
    PLLE2_ADV_X0Y0       PLLE2_ADV (Prop_plle2_adv_CLKIN1_CLKOUT0)
                                                     -3.194     9.227 r  system_i/pll_0/inst/plle2_adv_inst/CLKOUT0
                         net (fo=1, routed)           1.594    10.821    system_i/pll_0/inst/clk_out1_system_pll_0_0
    BUFGCTRL_X0Y0        BUFG (Prop_bufg_I_O)         0.091    10.912 r  system_i/pll_0/inst/clkout1_buf/O
                         net (fo=10074, routed)       1.574    12.486    system_i/rx_0/GMSK_Demod/gmsk_simbolo/gmsk_symbol_phase_ac_0/inst/clk
    DSP48_X0Y31          DSP48E1                                      r  system_i/rx_0/GMSK_Demod/gmsk_simbolo/gmsk_symbol_phase_ac_0/inst/hi_sin_reg_reg/CLK
                         clock pessimism              0.363    12.850    
                         clock uncertainty           -0.069    12.780    
    DSP48_X0Y31          DSP48E1 (Setup_dsp48e1_CLK_PCIN[18])
                                                     -1.400    11.380    system_i/rx_0/GMSK_Demod/gmsk_simbolo/gmsk_symbol_phase_ac_0/inst/hi_sin_reg_reg
  -------------------------------------------------------------------
                         required time                         11.380    
                         arrival time                         -10.942    
  -------------------------------------------------------------------
                         slack                                  0.438    





Min Delay Paths
--------------------------------------------------------------------------------------
Slack (MET) :             0.008ns  (arrival time - required time)
  Source:                 system_i/rx_0/hub_0/inst/buf_0/buf_1/int_data_reg_reg[43]/C
                            (rising edge-triggered cell FDRE clocked by clk_out1_system_pll_0_0  {rise@0.000ns fall@4.000ns period=8.000ns})
  Destination:            system_i/rx_0/hub_0/inst/buf_2/int_data_reg_reg[11]/D
                            (rising edge-triggered cell FDRE clocked by clk_out1_system_pll_0_0  {rise@0.000ns fall@4.000ns period=8.000ns})
  Path Group:             clk_out1_system_pll_0_0
  Path Type:              Hold (Min at Fast Process Corner)
  Requirement:            0.000ns  (clk_out1_system_pll_0_0 rise@0.000ns - clk_out1_system_pll_0_0 rise@0.000ns)
  Data Path Delay:        0.344ns  (logic 0.141ns (40.936%)  route 0.203ns (59.064%))
  Logic Levels:           0  
  Clock Path Skew:        0.270ns (DCD - SCD - CPR)
    Destination Clock Delay (DCD):    1.998ns
    Source Clock Delay      (SCD):    1.637ns
    Clock Pessimism Removal (CPR):    0.090ns

    Location             Delay type                Incr(ns)  Path(ns)    Netlist Resource(s)
  -------------------------------------------------------------------    -------------------
                         (clock clk_out1_system_pll_0_0 rise edge)
                                                      0.000     0.000 r  
    U18                                               0.000     0.000 r  adc_clk_p_i (IN)
                         net (fo=0)                   0.000     0.000    system_i/pll_0/inst/clk_in1_p
    U18                  IBUFDS (Prop_ibufds_I_O)     0.401     0.401 r  system_i/pll_0/inst/clkin1_ibufgds/O
                         net (fo=1, routed)           0.627     1.029    system_i/pll_0/inst/clk_in1_system_pll_0_0_buf
    BUFGCTRL_X0Y4        BUFG (Prop_bufg_I_O)         0.027     1.056 r  system_i/pll_0/inst/clkin1_bufg1/O
                         net (fo=1, routed)           0.551     1.606    system_i/pll_0/inst/clk_in1_system_pll_0_0
    PLLE2_ADV_X0Y0       PLLE2_ADV (Prop_plle2_adv_CLKIN1_CLKOUT0)
                                                     -1.073     0.533 r  system_i/pll_0/inst/plle2_adv_inst/CLKOUT0
                         net (fo=1, routed)           0.497     1.030    system_i/pll_0/inst/clk_out1_system_pll_0_0
    BUFGCTRL_X0Y0        BUFG (Prop_bufg_I_O)         0.026     1.056 r  system_i/pll_0/inst/clkout1_buf/O
                         net (fo=10074, routed)       0.582     1.637    system_i/rx_0/hub_0/inst/buf_0/buf_1/aclk
    SLICE_X1Y50          FDRE                                         r  system_i/rx_0/hub_0/inst/buf_0/buf_1/int_data_reg_reg[43]/C
  -------------------------------------------------------------------    -------------------
    SLICE_X1Y50          FDRE (Prop_fdre_C_Q)         0.141     1.778 r  system_i/rx_0/hub_0/inst/buf_0/buf_1/int_data_reg_reg[43]/Q
                         net (fo=1, routed)           0.203     1.982    system_i/rx_0/hub_0/inst/buf_2/D[11]
    SLICE_X1Y49          FDRE                                         r  system_i/rx_0/hub_0/inst/buf_2/int_data_reg_reg[11]/D
  -------------------------------------------------------------------    -------------------

                         (clock clk_out1_system_pll_0_0 rise edge)
                                                      0.000     0.000 r  
    U18                                               0.000     0.000 r  adc_clk_p_i (IN)
                         net (fo=0)                   0.000     0.000    system_i/pll_0/inst/clk_in1_p
    U18                  IBUFDS (Prop_ibufds_I_O)     0.433     0.433 r  system_i/pll_0/inst/clkin1_ibufgds/O
                         net (fo=1, routed)           0.683     1.116    system_i/pll_0/inst/clk_in1_system_pll_0_0_buf
    BUFGCTRL_X0Y4        BUFG (Prop_bufg_I_O)         0.030     1.146 r  system_i/pll_0/inst/clkin1_bufg1/O
                         net (fo=1, routed)           0.817     1.963    system_i/pll_0/inst/clk_in1_system_pll_0_0
    PLLE2_ADV_X0Y0       PLLE2_ADV (Prop_plle2_adv_CLKIN1_CLKOUT0)
                                                     -1.390     0.573 r  system_i/pll_0/inst/plle2_adv_inst/CLKOUT0
                         net (fo=1, routed)           0.544     1.117    system_i/pll_0/inst/clk_out1_system_pll_0_0
    BUFGCTRL_X0Y0        BUFG (Prop_bufg_I_O)         0.029     1.146 r  system_i/pll_0/inst/clkout1_buf/O
                         net (fo=10074, routed)       0.852     1.998    system_i/rx_0/hub_0/inst/buf_2/aclk
    SLICE_X1Y49          FDRE                                         r  system_i/rx_0/hub_0/inst/buf_2/int_data_reg_reg[11]/C
                         clock pessimism             -0.090     1.908    
    SLICE_X1Y49          FDRE (Hold_fdre_C_D)         0.066     1.974    system_i/rx_0/hub_0/inst/buf_2/int_data_reg_reg[11]
  -------------------------------------------------------------------
                         required time                         -1.974    
                         arrival time                           1.982    
  -------------------------------------------------------------------
                         slack                                  0.008    

Slack (MET) :             0.033ns  (arrival time - required time)
  Source:                 system_wrapper/system/rx_0_imp_178AHDX/GMSK_Demod_imp_1G913PW/gmsk_discriminador_imp_1LMKRV4/system_cordic_0_1/<hidden>/<hidden>/<hidden>/<hidden>/<hidden>/<hidden>/<hidden>/<hidden>/<hidden>/<hidden>/<hidden>/<hidden>
                            (rising edge-triggered cell FDRE clocked by clk_out1_system_pll_0_0  {rise@0.000ns fall@4.000ns period=8.000ns})
  Destination:            system_wrapper/system/rx_0_imp_178AHDX/GMSK_Demod_imp_1G913PW/gmsk_discriminador_imp_1LMKRV4/system_cordic_0_1/<hidden>/<hidden>/<hidden>/<hidden>/<hidden>/<hidden>/<hidden>/<hidden>/<hidden>/<hidden>/<hidden>/<hidden>
                            (rising edge-triggered cell FDRE clocked by clk_out1_system_pll_0_0  {rise@0.000ns fall@4.000ns period=8.000ns})
  Path Group:             clk_out1_system_pll_0_0
  Path Type:              Hold (Min at Fast Process Corner)
  Requirement:            0.000ns  (clk_out1_system_pll_0_0 rise@0.000ns - clk_out1_system_pll_0_0 rise@0.000ns)
  Data Path Delay:        0.431ns  (logic 0.250ns (58.047%)  route 0.181ns (41.953%))
  Logic Levels:           2  (CARRY4=1 LUT2=1)
  Clock Path Skew:        0.263ns (DCD - SCD - CPR)
    Destination Clock Delay (DCD):    1.959ns
    Source Clock Delay      (SCD):    1.600ns
    Clock Pessimism Removal (CPR):    0.095ns

    Location             Delay type                Incr(ns)  Path(ns)    Netlist Resource(s)
  -------------------------------------------------------------------    -------------------
                         (clock clk_out1_system_pll_0_0 rise edge)
                                                      0.000     0.000 r  
    U18                                               0.000     0.000 r  adc_clk_p_i (IN)
                         net (fo=0)                   0.000     0.000    system_i/pll_0/inst/clk_in1_p
    U18                  IBUFDS (Prop_ibufds_I_O)     0.401     0.401 r  system_i/pll_0/inst/clkin1_ibufgds/O
                         net (fo=1, routed)           0.627     1.029    system_i/pll_0/inst/clk_in1_system_pll_0_0_buf
    BUFGCTRL_X0Y4        BUFG (Prop_bufg_I_O)         0.027     1.056 r  system_i/pll_0/inst/clkin1_bufg1/O
                         net (fo=1, routed)           0.551     1.606    system_i/pll_0/inst/clk_in1_system_pll_0_0
    PLLE2_ADV_X0Y0       PLLE2_ADV (Prop_plle2_adv_CLKIN1_CLKOUT0)
                                                     -1.073     0.533 r  system_i/pll_0/inst/plle2_adv_inst/CLKOUT0
                         net (fo=1, routed)           0.497     1.030    system_i/pll_0/inst/clk_out1_system_pll_0_0
    BUFGCTRL_X0Y0        BUFG (Prop_bufg_I_O)         0.026     1.056 r  system_i/pll_0/inst/clkout1_buf/O
                         net (fo=10074, routed)       0.545     1.600    system_wrapper/system/rx_0_imp_178AHDX/GMSK_Demod_imp_1G913PW/gmsk_discriminador_imp_1LMKRV4/system_cordic_0_1/<hidden>/<hidden>/<hidden>/<hidden>/<hidden>/<hidden>/<hidden>/<hidden>/<hidden>/<hidden>/<hidden>/<hidden>
    SLICE_X23Y74         FDRE                                         r  system_wrapper/system/rx_0_imp_178AHDX/GMSK_Demod_imp_1G913PW/gmsk_discriminador_imp_1LMKRV4/system_cordic_0_1/<hidden>/<hidden>/<hidden>/<hidden>/<hidden>/<hidden>/<hidden>/<hidden>/<hidden>/<hidden>/<hidden>/<hidden>
  -------------------------------------------------------------------    -------------------
    SLICE_X23Y74         FDRE (Prop_fdre_C_Q)         0.141     1.741 r  system_wrapper/system/rx_0_imp_178AHDX/GMSK_Demod_imp_1G913PW/gmsk_discriminador_imp_1LMKRV4/system_cordic_0_1/<hidden>/<hidden>/<hidden>/<hidden>/<hidden>/<hidden>/<hidden>/<hidden>/<hidden>/<hidden>/<hidden>/<hidden>
                         net (fo=2, routed)           0.181     1.922    system_wrapper/system/rx_0_imp_178AHDX/GMSK_Demod_imp_1G913PW/gmsk_discriminador_imp_1LMKRV4/system_cordic_0_1/<hidden>/<hidden>/<hidden>/<hidden>/<hidden>/<hidden>/<hidden>/<hidden>/<hidden>/<hidden>/<hidden>
    SLICE_X20Y74         LUT2 (Prop_lut2_I1_O)        0.045     1.967 r  system_wrapper/system/rx_0_imp_178AHDX/GMSK_Demod_imp_1G913PW/gmsk_discriminador_imp_1LMKRV4/system_cordic_0_1/<hidden>/<hidden>/<hidden>/<hidden>/<hidden>/<hidden>/<hidden>/<hidden>/<hidden>/<hidden>/<hidden>
                         net (fo=1, routed)           0.000     1.967    system_wrapper/system/rx_0_imp_178AHDX/GMSK_Demod_imp_1G913PW/gmsk_discriminador_imp_1LMKRV4/system_cordic_0_1/<hidden>/<hidden>/<hidden>/<hidden>/<hidden>/<hidden>/<hidden>/<hidden>/<hidden>/<hidden>/<hidden>
    SLICE_X20Y74         CARRY4 (Prop_carry4_S[3]_O[3])
                                                      0.064     2.031 r  system_wrapper/system/rx_0_imp_178AHDX/GMSK_Demod_imp_1G913PW/gmsk_discriminador_imp_1LMKRV4/system_cordic_0_1/<hidden>/<hidden>/<hidden>/<hidden>/<hidden>/<hidden>/<hidden>/<hidden>/<hidden>/<hidden>/<hidden>
                         net (fo=1, routed)           0.000     2.031    system_wrapper/system/rx_0_imp_178AHDX/GMSK_Demod_imp_1G913PW/gmsk_discriminador_imp_1LMKRV4/system_cordic_0_1/<hidden>/<hidden>/<hidden>/<hidden>/<hidden>/<hidden>/<hidden>/<hidden>/<hidden>/<hidden>/<hidden>/<hidden>
    SLICE_X20Y74         FDRE                                         r  system_wrapper/system/rx_0_imp_178AHDX/GMSK_Demod_imp_1G913PW/gmsk_discriminador_imp_1LMKRV4/system_cordic_0_1/<hidden>/<hidden>/<hidden>/<hidden>/<hidden>/<hidden>/<hidden>/<hidden>/<hidden>/<hidden>/<hidden>/<hidden>
  -------------------------------------------------------------------    -------------------

                         (clock clk_out1_system_pll_0_0 rise edge)
                                                      0.000     0.000 r  
    U18                                               0.000     0.000 r  adc_clk_p_i (IN)
                         net (fo=0)                   0.000     0.000    system_i/pll_0/inst/clk_in1_p
    U18                  IBUFDS (Prop_ibufds_I_O)     0.433     0.433 r  system_i/pll_0/inst/clkin1_ibufgds/O
                         net (fo=1, routed)           0.683     1.116    system_i/pll_0/inst/clk_in1_system_pll_0_0_buf
    BUFGCTRL_X0Y4        BUFG (Prop_bufg_I_O)         0.030     1.146 r  system_i/pll_0/inst/clkin1_bufg1/O
                         net (fo=1, routed)           0.817     1.963    system_i/pll_0/inst/clk_in1_system_pll_0_0
    PLLE2_ADV_X0Y0       PLLE2_ADV (Prop_plle2_adv_CLKIN1_CLKOUT0)
                                                     -1.390     0.573 r  system_i/pll_0/inst/plle2_adv_inst/CLKOUT0
                         net (fo=1, routed)           0.544     1.117    system_i/pll_0/inst/clk_out1_system_pll_0_0
    BUFGCTRL_X0Y0        BUFG (Prop_bufg_I_O)         0.029     1.146 r  system_i/pll_0/inst/clkout1_buf/O
                         net (fo=10074, routed)       0.813     1.959    system_wrapper/system/rx_0_imp_178AHDX/GMSK_Demod_imp_1G913PW/gmsk_discriminador_imp_1LMKRV4/system_cordic_0_1/<hidden>/<hidden>/<hidden>/<hidden>/<hidden>/<hidden>/<hidden>/<hidden>/<hidden>/<hidden>/<hidden>/<hidden>
    SLICE_X20Y74         FDRE                                         r  system_wrapper/system/rx_0_imp_178AHDX/GMSK_Demod_imp_1G913PW/gmsk_discriminador_imp_1LMKRV4/system_cordic_0_1/<hidden>/<hidden>/<hidden>/<hidden>/<hidden>/<hidden>/<hidden>/<hidden>/<hidden>/<hidden>/<hidden>/<hidden>
                         clock pessimism             -0.095     1.864    
    SLICE_X20Y74         FDRE (Hold_fdre_C_D)         0.134     1.998    system_wrapper/system/rx_0_imp_178AHDX/GMSK_Demod_imp_1G913PW/gmsk_discriminador_imp_1LMKRV4/system_cordic_0_1/<hidden>/<hidden>/<hidden>/<hidden>/<hidden>/<hidden>/<hidden>/<hidden>/<hidden>/<hidden>/<hidden>/<hidden>
  -------------------------------------------------------------------
                         required time                         -1.998    
                         arrival time                           2.031    
  -------------------------------------------------------------------
                         slack                                  0.033    

Slack (MET) :             0.035ns  (arrival time - required time)
  Source:                 system_wrapper/system/rx_0_imp_178AHDX/system_cic_0_0/<hidden>/<hidden>/<hidden>/<hidden>
                            (rising edge-triggered cell FDRE clocked by clk_out1_system_pll_0_0  {rise@0.000ns fall@4.000ns period=8.000ns})
  Destination:            system_wrapper/system/rx_0_imp_178AHDX/system_cic_0_0/<hidden>/<hidden>/<hidden>/<hidden>/<hidden>/<hidden>/<hidden>
                            (rising edge-triggered cell FDRE clocked by clk_out1_system_pll_0_0  {rise@0.000ns fall@4.000ns period=8.000ns})
  Path Group:             clk_out1_system_pll_0_0
  Path Type:              Hold (Min at Fast Process Corner)
  Requirement:            0.000ns  (clk_out1_system_pll_0_0 rise@0.000ns - clk_out1_system_pll_0_0 rise@0.000ns)
  Data Path Delay:        0.384ns  (logic 0.164ns (42.730%)  route 0.220ns (57.270%))
  Logic Levels:           0  
  Clock Path Skew:        0.270ns (DCD - SCD - CPR)
    Destination Clock Delay (DCD):    2.007ns
    Source Clock Delay      (SCD):    1.646ns
    Clock Pessimism Removal (CPR):    0.090ns

    Location             Delay type                Incr(ns)  Path(ns)    Netlist Resource(s)
  -------------------------------------------------------------------    -------------------
                         (clock clk_out1_system_pll_0_0 rise edge)
                                                      0.000     0.000 r  
    U18                                               0.000     0.000 r  adc_clk_p_i (IN)
                         net (fo=0)                   0.000     0.000    system_i/pll_0/inst/clk_in1_p
    U18                  IBUFDS (Prop_ibufds_I_O)     0.401     0.401 r  system_i/pll_0/inst/clkin1_ibufgds/O
                         net (fo=1, routed)           0.627     1.029    system_i/pll_0/inst/clk_in1_system_pll_0_0_buf
    BUFGCTRL_X0Y4        BUFG (Prop_bufg_I_O)         0.027     1.056 r  system_i/pll_0/inst/clkin1_bufg1/O
                         net (fo=1, routed)           0.551     1.606    system_i/pll_0/inst/clk_in1_system_pll_0_0
    PLLE2_ADV_X0Y0       PLLE2_ADV (Prop_plle2_adv_CLKIN1_CLKOUT0)
                                                     -1.073     0.533 r  system_i/pll_0/inst/plle2_adv_inst/CLKOUT0
                         net (fo=1, routed)           0.497     1.030    system_i/pll_0/inst/clk_out1_system_pll_0_0
    BUFGCTRL_X0Y0        BUFG (Prop_bufg_I_O)         0.026     1.056 r  system_i/pll_0/inst/clkout1_buf/O
                         net (fo=10074, routed)       0.591     1.646    system_wrapper/system/rx_0_imp_178AHDX/system_cic_0_0/<hidden>/<hidden>/<hidden>/<hidden>
    SLICE_X38Y49         FDRE                                         r  system_wrapper/system/rx_0_imp_178AHDX/system_cic_0_0/<hidden>/<hidden>/<hidden>/<hidden>
  -------------------------------------------------------------------    -------------------
    SLICE_X38Y49         FDRE (Prop_fdre_C_Q)         0.164     1.810 r  system_wrapper/system/rx_0_imp_178AHDX/system_cic_0_0/<hidden>/<hidden>/<hidden>/<hidden>
                         net (fo=2, routed)           0.220     2.030    system_wrapper/system/rx_0_imp_178AHDX/system_cic_0_0/<hidden>/<hidden>/<hidden>/<hidden>/<hidden>/<hidden>/<hidden>
    SLICE_X40Y51         FDRE                                         r  system_wrapper/system/rx_0_imp_178AHDX/system_cic_0_0/<hidden>/<hidden>/<hidden>/<hidden>/<hidden>/<hidden>/<hidden>
  -------------------------------------------------------------------    -------------------

                         (clock clk_out1_system_pll_0_0 rise edge)
                                                      0.000     0.000 r  
    U18                                               0.000     0.000 r  adc_clk_p_i (IN)
                         net (fo=0)                   0.000     0.000    system_i/pll_0/inst/clk_in1_p
    U18                  IBUFDS (Prop_ibufds_I_O)     0.433     0.433 r  system_i/pll_0/inst/clkin1_ibufgds/O
                         net (fo=1, routed)           0.683     1.116    system_i/pll_0/inst/clk_in1_system_pll_0_0_buf
    BUFGCTRL_X0Y4        BUFG (Prop_bufg_I_O)         0.030     1.146 r  system_i/pll_0/inst/clkin1_bufg1/O
                         net (fo=1, routed)           0.817     1.963    system_i/pll_0/inst/clk_in1_system_pll_0_0
    PLLE2_ADV_X0Y0       PLLE2_ADV (Prop_plle2_adv_CLKIN1_CLKOUT0)
                                                     -1.390     0.573 r  system_i/pll_0/inst/plle2_adv_inst/CLKOUT0
                         net (fo=1, routed)           0.544     1.117    system_i/pll_0/inst/clk_out1_system_pll_0_0
    BUFGCTRL_X0Y0        BUFG (Prop_bufg_I_O)         0.029     1.146 r  system_i/pll_0/inst/clkout1_buf/O
                         net (fo=10074, routed)       0.861     2.007    system_wrapper/system/rx_0_imp_178AHDX/system_cic_0_0/<hidden>/<hidden>/<hidden>/<hidden>/<hidden>/<hidden>/<hidden>
    SLICE_X40Y51         FDRE                                         r  system_wrapper/system/rx_0_imp_178AHDX/system_cic_0_0/<hidden>/<hidden>/<hidden>/<hidden>/<hidden>/<hidden>/<hidden>
                         clock pessimism             -0.090     1.917    
    SLICE_X40Y51         FDRE (Hold_fdre_C_D)         0.078     1.995    system_wrapper/system/rx_0_imp_178AHDX/system_cic_0_0/<hidden>/<hidden>/<hidden>/<hidden>/<hidden>/<hidden>/<hidden>
  -------------------------------------------------------------------
                         required time                         -1.995    
                         arrival time                           2.030    
  -------------------------------------------------------------------
                         slack                                  0.035    

Slack (MET) :             0.036ns  (arrival time - required time)
  Source:                 system_wrapper/system/rx_0_imp_178AHDX/GMSK_Demod_imp_1G913PW/gmsk_simbolo_imp_N1U41C/system_cordic_cfo_0/<hidden>/<hidden>/<hidden>/<hidden>/<hidden>/<hidden>/<hidden>/<hidden>/<hidden>/<hidden>/<hidden>/<hidden>
                            (rising edge-triggered cell FDRE clocked by clk_out1_system_pll_0_0  {rise@0.000ns fall@4.000ns period=8.000ns})
  Destination:            system_wrapper/system/rx_0_imp_178AHDX/GMSK_Demod_imp_1G913PW/gmsk_simbolo_imp_N1U41C/system_cordic_cfo_0/<hidden>/<hidden>/<hidden>/<hidden>/<hidden>
                            (rising edge-triggered cell FDRE clocked by clk_out1_system_pll_0_0  {rise@0.000ns fall@4.000ns period=8.000ns})
  Path Group:             clk_out1_system_pll_0_0
  Path Type:              Hold (Min at Fast Process Corner)
  Requirement:            0.000ns  (clk_out1_system_pll_0_0 rise@0.000ns - clk_out1_system_pll_0_0 rise@0.000ns)
  Data Path Delay:        0.359ns  (logic 0.141ns (39.272%)  route 0.218ns (60.728%))
  Logic Levels:           0  
  Clock Path Skew:        0.264ns (DCD - SCD - CPR)
    Destination Clock Delay (DCD):    1.971ns
    Source Clock Delay      (SCD):    1.611ns
    Clock Pessimism Removal (CPR):    0.095ns

    Location             Delay type                Incr(ns)  Path(ns)    Netlist Resource(s)
  -------------------------------------------------------------------    -------------------
                         (clock clk_out1_system_pll_0_0 rise edge)
                                                      0.000     0.000 r  
    U18                                               0.000     0.000 r  adc_clk_p_i (IN)
                         net (fo=0)                   0.000     0.000    system_i/pll_0/inst/clk_in1_p
    U18                  IBUFDS (Prop_ibufds_I_O)     0.401     0.401 r  system_i/pll_0/inst/clkin1_ibufgds/O
                         net (fo=1, routed)           0.627     1.029    system_i/pll_0/inst/clk_in1_system_pll_0_0_buf
    BUFGCTRL_X0Y4        BUFG (Prop_bufg_I_O)         0.027     1.056 r  system_i/pll_0/inst/clkin1_bufg1/O
                         net (fo=1, routed)           0.551     1.606    system_i/pll_0/inst/clk_in1_system_pll_0_0
    PLLE2_ADV_X0Y0       PLLE2_ADV (Prop_plle2_adv_CLKIN1_CLKOUT0)
                                                     -1.073     0.533 r  system_i/pll_0/inst/plle2_adv_inst/CLKOUT0
                         net (fo=1, routed)           0.497     1.030    system_i/pll_0/inst/clk_out1_system_pll_0_0
    BUFGCTRL_X0Y0        BUFG (Prop_bufg_I_O)         0.026     1.056 r  system_i/pll_0/inst/clkout1_buf/O
                         net (fo=10074, routed)       0.556     1.611    system_wrapper/system/rx_0_imp_178AHDX/GMSK_Demod_imp_1G913PW/gmsk_simbolo_imp_N1U41C/system_cordic_cfo_0/<hidden>/<hidden>/<hidden>/<hidden>/<hidden>/<hidden>/<hidden>/<hidden>/<hidden>/<hidden>/<hidden>/<hidden>
    SLICE_X21Y88         FDRE                                         r  system_wrapper/system/rx_0_imp_178AHDX/GMSK_Demod_imp_1G913PW/gmsk_simbolo_imp_N1U41C/system_cordic_cfo_0/<hidden>/<hidden>/<hidden>/<hidden>/<hidden>/<hidden>/<hidden>/<hidden>/<hidden>/<hidden>/<hidden>/<hidden>
  -------------------------------------------------------------------    -------------------
    SLICE_X21Y88         FDRE (Prop_fdre_C_Q)         0.141     1.752 r  system_wrapper/system/rx_0_imp_178AHDX/GMSK_Demod_imp_1G913PW/gmsk_simbolo_imp_N1U41C/system_cordic_cfo_0/<hidden>/<hidden>/<hidden>/<hidden>/<hidden>/<hidden>/<hidden>/<hidden>/<hidden>/<hidden>/<hidden>/<hidden>
                         net (fo=1, routed)           0.218     1.970    system_wrapper/system/rx_0_imp_178AHDX/GMSK_Demod_imp_1G913PW/gmsk_simbolo_imp_N1U41C/system_cordic_cfo_0/<hidden>/<hidden>/<hidden>/<hidden>/<hidden>
    SLICE_X24Y88         FDRE                                         r  system_wrapper/system/rx_0_imp_178AHDX/GMSK_Demod_imp_1G913PW/gmsk_simbolo_imp_N1U41C/system_cordic_cfo_0/<hidden>/<hidden>/<hidden>/<hidden>/<hidden>
  -------------------------------------------------------------------    -------------------

                         (clock clk_out1_system_pll_0_0 rise edge)
                                                      0.000     0.000 r  
    U18                                               0.000     0.000 r  adc_clk_p_i (IN)
                         net (fo=0)                   0.000     0.000    system_i/pll_0/inst/clk_in1_p
    U18                  IBUFDS (Prop_ibufds_I_O)     0.433     0.433 r  system_i/pll_0/inst/clkin1_ibufgds/O
                         net (fo=1, routed)           0.683     1.116    system_i/pll_0/inst/clk_in1_system_pll_0_0_buf
    BUFGCTRL_X0Y4        BUFG (Prop_bufg_I_O)         0.030     1.146 r  system_i/pll_0/inst/clkin1_bufg1/O
                         net (fo=1, routed)           0.817     1.963    system_i/pll_0/inst/clk_in1_system_pll_0_0
    PLLE2_ADV_X0Y0       PLLE2_ADV (Prop_plle2_adv_CLKIN1_CLKOUT0)
                                                     -1.390     0.573 r  system_i/pll_0/inst/plle2_adv_inst/CLKOUT0
                         net (fo=1, routed)           0.544     1.117    system_i/pll_0/inst/clk_out1_system_pll_0_0
    BUFGCTRL_X0Y0        BUFG (Prop_bufg_I_O)         0.029     1.146 r  system_i/pll_0/inst/clkout1_buf/O
                         net (fo=10074, routed)       0.825     1.971    system_wrapper/system/rx_0_imp_178AHDX/GMSK_Demod_imp_1G913PW/gmsk_simbolo_imp_N1U41C/system_cordic_cfo_0/<hidden>/<hidden>/<hidden>/<hidden>/<hidden>
    SLICE_X24Y88         FDRE                                         r  system_wrapper/system/rx_0_imp_178AHDX/GMSK_Demod_imp_1G913PW/gmsk_simbolo_imp_N1U41C/system_cordic_cfo_0/<hidden>/<hidden>/<hidden>/<hidden>/<hidden>
                         clock pessimism             -0.095     1.876    
    SLICE_X24Y88         FDRE (Hold_fdre_C_D)         0.059     1.935    system_wrapper/system/rx_0_imp_178AHDX/GMSK_Demod_imp_1G913PW/gmsk_simbolo_imp_N1U41C/system_cordic_cfo_0/<hidden>/<hidden>/<hidden>/<hidden>/<hidden>
  -------------------------------------------------------------------
                         required time                         -1.935    
                         arrival time                           1.970    
  -------------------------------------------------------------------
                         slack                                  0.036    

Slack (MET) :             0.037ns  (arrival time - required time)
  Source:                 system_wrapper/system/rx_0_imp_178AHDX/GMSK_Demod_imp_1G913PW/gmsk_simbolo_imp_N1U41C/system_cordic_cfo_0/<hidden>/<hidden>/<hidden>
                            (rising edge-triggered cell FDRE clocked by clk_out1_system_pll_0_0  {rise@0.000ns fall@4.000ns period=8.000ns})
  Destination:            system_wrapper/system/rx_0_imp_178AHDX/GMSK_Demod_imp_1G913PW/gmsk_simbolo_imp_N1U41C/system_cordic_cfo_0/<hidden>/<hidden>/<hidden>
                            (rising edge-triggered cell FDRE clocked by clk_out1_system_pll_0_0  {rise@0.000ns fall@4.000ns period=8.000ns})
  Path Group:             clk_out1_system_pll_0_0
  Path Type:              Hold (Min at Fast Process Corner)
  Requirement:            0.000ns  (clk_out1_system_pll_0_0 rise@0.000ns - clk_out1_system_pll_0_0 rise@0.000ns)
  Data Path Delay:        0.373ns  (logic 0.141ns (37.809%)  route 0.232ns (62.191%))
  Logic Levels:           0  
  Clock Path Skew:        0.261ns (DCD - SCD - CPR)
    Destination Clock Delay (DCD):    1.973ns
    Source Clock Delay      (SCD):    1.616ns
    Clock Pessimism Removal (CPR):    0.095ns

    Location             Delay type                Incr(ns)  Path(ns)    Netlist Resource(s)
  -------------------------------------------------------------------    -------------------
                         (clock clk_out1_system_pll_0_0 rise edge)
                                                      0.000     0.000 r  
    U18                                               0.000     0.000 r  adc_clk_p_i (IN)
                         net (fo=0)                   0.000     0.000    system_i/pll_0/inst/clk_in1_p
    U18                  IBUFDS (Prop_ibufds_I_O)     0.401     0.401 r  system_i/pll_0/inst/clkin1_ibufgds/O
                         net (fo=1, routed)           0.627     1.029    system_i/pll_0/inst/clk_in1_system_pll_0_0_buf
    BUFGCTRL_X0Y4        BUFG (Prop_bufg_I_O)         0.027     1.056 r  system_i/pll_0/inst/clkin1_bufg1/O
                         net (fo=1, routed)           0.551     1.606    system_i/pll_0/inst/clk_in1_system_pll_0_0
    PLLE2_ADV_X0Y0       PLLE2_ADV (Prop_plle2_adv_CLKIN1_CLKOUT0)
                                                     -1.073     0.533 r  system_i/pll_0/inst/plle2_adv_inst/CLKOUT0
                         net (fo=1, routed)           0.497     1.030    system_i/pll_0/inst/clk_out1_system_pll_0_0
    BUFGCTRL_X0Y0        BUFG (Prop_bufg_I_O)         0.026     1.056 r  system_i/pll_0/inst/clkout1_buf/O
                         net (fo=10074, routed)       0.561     1.616    system_wrapper/system/rx_0_imp_178AHDX/GMSK_Demod_imp_1G913PW/gmsk_simbolo_imp_N1U41C/system_cordic_cfo_0/<hidden>/<hidden>/<hidden>
    SLICE_X17Y94         FDRE                                         r  system_wrapper/system/rx_0_imp_178AHDX/GMSK_Demod_imp_1G913PW/gmsk_simbolo_imp_N1U41C/system_cordic_cfo_0/<hidden>/<hidden>/<hidden>
  -------------------------------------------------------------------    -------------------
    SLICE_X17Y94         FDRE (Prop_fdre_C_Q)         0.141     1.757 r  system_wrapper/system/rx_0_imp_178AHDX/GMSK_Demod_imp_1G913PW/gmsk_simbolo_imp_N1U41C/system_cordic_cfo_0/<hidden>/<hidden>/<hidden>
                         net (fo=2, routed)           0.232     1.989    system_wrapper/system/rx_0_imp_178AHDX/GMSK_Demod_imp_1G913PW/gmsk_simbolo_imp_N1U41C/system_cordic_cfo_0/<hidden>/<hidden>/<hidden>
    SLICE_X22Y94         FDRE                                         r  system_wrapper/system/rx_0_imp_178AHDX/GMSK_Demod_imp_1G913PW/gmsk_simbolo_imp_N1U41C/system_cordic_cfo_0/<hidden>/<hidden>/<hidden>
  -------------------------------------------------------------------    -------------------

                         (clock clk_out1_system_pll_0_0 rise edge)
                                                      0.000     0.000 r  
    U18                                               0.000     0.000 r  adc_clk_p_i (IN)
                         net (fo=0)                   0.000     0.000    system_i/pll_0/inst/clk_in1_p
    U18                  IBUFDS (Prop_ibufds_I_O)     0.433     0.433 r  system_i/pll_0/inst/clkin1_ibufgds/O
                         net (fo=1, routed)           0.683     1.116    system_i/pll_0/inst/clk_in1_system_pll_0_0_buf
    BUFGCTRL_X0Y4        BUFG (Prop_bufg_I_O)         0.030     1.146 r  system_i/pll_0/inst/clkin1_bufg1/O
                         net (fo=1, routed)           0.817     1.963    system_i/pll_0/inst/clk_in1_system_pll_0_0
    PLLE2_ADV_X0Y0       PLLE2_ADV (Prop_plle2_adv_CLKIN1_CLKOUT0)
                                                     -1.390     0.573 r  system_i/pll_0/inst/plle2_adv_inst/CLKOUT0
                         net (fo=1, routed)           0.544     1.117    system_i/pll_0/inst/clk_out1_system_pll_0_0
    BUFGCTRL_X0Y0        BUFG (Prop_bufg_I_O)         0.029     1.146 r  system_i/pll_0/inst/clkout1_buf/O
                         net (fo=10074, routed)       0.827     1.973    system_wrapper/system/rx_0_imp_178AHDX/GMSK_Demod_imp_1G913PW/gmsk_simbolo_imp_N1U41C/system_cordic_cfo_0/<hidden>/<hidden>/<hidden>
    SLICE_X22Y94         FDRE                                         r  system_wrapper/system/rx_0_imp_178AHDX/GMSK_Demod_imp_1G913PW/gmsk_simbolo_imp_N1U41C/system_cordic_cfo_0/<hidden>/<hidden>/<hidden>
                         clock pessimism             -0.095     1.878    
    SLICE_X22Y94         FDRE (Hold_fdre_C_D)         0.075     1.953    system_wrapper/system/rx_0_imp_178AHDX/GMSK_Demod_imp_1G913PW/gmsk_simbolo_imp_N1U41C/system_cordic_cfo_0/<hidden>/<hidden>/<hidden>
  -------------------------------------------------------------------
                         required time                         -1.953    
                         arrival time                           1.989    
  -------------------------------------------------------------------
                         slack                                  0.037    

Slack (MET) :             0.038ns  (arrival time - required time)
  Source:                 system_wrapper/system/rx_0_imp_178AHDX/system_cic_0_0/<hidden>/<hidden>/<hidden>/<hidden>
                            (rising edge-triggered cell FDRE clocked by clk_out1_system_pll_0_0  {rise@0.000ns fall@4.000ns period=8.000ns})
  Destination:            system_wrapper/system/rx_0_imp_178AHDX/system_cic_0_0/<hidden>/<hidden>/<hidden>/<hidden>/<hidden>/<hidden>/<hidden>
                            (rising edge-triggered cell FDRE clocked by clk_out1_system_pll_0_0  {rise@0.000ns fall@4.000ns period=8.000ns})
  Path Group:             clk_out1_system_pll_0_0
  Path Type:              Hold (Min at Fast Process Corner)
  Requirement:            0.000ns  (clk_out1_system_pll_0_0 rise@0.000ns - clk_out1_system_pll_0_0 rise@0.000ns)
  Data Path Delay:        0.323ns  (logic 0.148ns (45.773%)  route 0.175ns (54.227%))
  Logic Levels:           0  
  Clock Path Skew:        0.268ns (DCD - SCD - CPR)
    Destination Clock Delay (DCD):    2.007ns
    Source Clock Delay      (SCD):    1.648ns
    Clock Pessimism Removal (CPR):    0.090ns

    Location             Delay type                Incr(ns)  Path(ns)    Netlist Resource(s)
  -------------------------------------------------------------------    -------------------
                         (clock clk_out1_system_pll_0_0 rise edge)
                                                      0.000     0.000 r  
    U18                                               0.000     0.000 r  adc_clk_p_i (IN)
                         net (fo=0)                   0.000     0.000    system_i/pll_0/inst/clk_in1_p
    U18                  IBUFDS (Prop_ibufds_I_O)     0.401     0.401 r  system_i/pll_0/inst/clkin1_ibufgds/O
                         net (fo=1, routed)           0.627     1.029    system_i/pll_0/inst/clk_in1_system_pll_0_0_buf
    BUFGCTRL_X0Y4        BUFG (Prop_bufg_I_O)         0.027     1.056 r  system_i/pll_0/inst/clkin1_bufg1/O
                         net (fo=1, routed)           0.551     1.606    system_i/pll_0/inst/clk_in1_system_pll_0_0
    PLLE2_ADV_X0Y0       PLLE2_ADV (Prop_plle2_adv_CLKIN1_CLKOUT0)
                                                     -1.073     0.533 r  system_i/pll_0/inst/plle2_adv_inst/CLKOUT0
                         net (fo=1, routed)           0.497     1.030    system_i/pll_0/inst/clk_out1_system_pll_0_0
    BUFGCTRL_X0Y0        BUFG (Prop_bufg_I_O)         0.026     1.056 r  system_i/pll_0/inst/clkout1_buf/O
                         net (fo=10074, routed)       0.593     1.648    system_wrapper/system/rx_0_imp_178AHDX/system_cic_0_0/<hidden>/<hidden>/<hidden>/<hidden>
    SLICE_X42Y47         FDRE                                         r  system_wrapper/system/rx_0_imp_178AHDX/system_cic_0_0/<hidden>/<hidden>/<hidden>/<hidden>
  -------------------------------------------------------------------    -------------------
    SLICE_X42Y47         FDRE (Prop_fdre_C_Q)         0.148     1.796 r  system_wrapper/system/rx_0_imp_178AHDX/system_cic_0_0/<hidden>/<hidden>/<hidden>/<hidden>
                         net (fo=2, routed)           0.175     1.972    system_wrapper/system/rx_0_imp_178AHDX/system_cic_0_0/<hidden>/<hidden>/<hidden>/<hidden>/<hidden>/<hidden>/<hidden>
    SLICE_X43Y50         FDRE                                         r  system_wrapper/system/rx_0_imp_178AHDX/system_cic_0_0/<hidden>/<hidden>/<hidden>/<hidden>/<hidden>/<hidden>/<hidden>
  -------------------------------------------------------------------    -------------------

                         (clock clk_out1_system_pll_0_0 rise edge)
                                                      0.000     0.000 r  
    U18                                               0.000     0.000 r  adc_clk_p_i (IN)
                         net (fo=0)                   0.000     0.000    system_i/pll_0/inst/clk_in1_p
    U18                  IBUFDS (Prop_ibufds_I_O)     0.433     0.433 r  system_i/pll_0/inst/clkin1_ibufgds/O
                         net (fo=1, routed)           0.683     1.116    system_i/pll_0/inst/clk_in1_system_pll_0_0_buf
    BUFGCTRL_X0Y4        BUFG (Prop_bufg_I_O)         0.030     1.146 r  system_i/pll_0/inst/clkin1_bufg1/O
                         net (fo=1, routed)           0.817     1.963    system_i/pll_0/inst/clk_in1_system_pll_0_0
    PLLE2_ADV_X0Y0       PLLE2_ADV (Prop_plle2_adv_CLKIN1_CLKOUT0)
                                                     -1.390     0.573 r  system_i/pll_0/inst/plle2_adv_inst/CLKOUT0
                         net (fo=1, routed)           0.544     1.117    system_i/pll_0/inst/clk_out1_system_pll_0_0
    BUFGCTRL_X0Y0        BUFG (Prop_bufg_I_O)         0.029     1.146 r  system_i/pll_0/inst/clkout1_buf/O
                         net (fo=10074, routed)       0.861     2.007    system_wrapper/system/rx_0_imp_178AHDX/system_cic_0_0/<hidden>/<hidden>/<hidden>/<hidden>/<hidden>/<hidden>/<hidden>
    SLICE_X43Y50         FDRE                                         r  system_wrapper/system/rx_0_imp_178AHDX/system_cic_0_0/<hidden>/<hidden>/<hidden>/<hidden>/<hidden>/<hidden>/<hidden>
                         clock pessimism             -0.090     1.917    
    SLICE_X43Y50         FDRE (Hold_fdre_C_D)         0.017     1.934    system_wrapper/system/rx_0_imp_178AHDX/system_cic_0_0/<hidden>/<hidden>/<hidden>/<hidden>/<hidden>/<hidden>/<hidden>
  -------------------------------------------------------------------
                         required time                         -1.934    
                         arrival time                           1.972    
  -------------------------------------------------------------------
                         slack                                  0.038    

Slack (MET) :             0.038ns  (arrival time - required time)
  Source:                 system_wrapper/system/rx_0_imp_178AHDX/GMSK_Demod_imp_1G913PW/gmsk_discriminador_imp_1LMKRV4/system_cordic_0_1/<hidden>/<hidden>/<hidden>/<hidden>/<hidden>/<hidden>/<hidden>/<hidden>/<hidden>/<hidden>/<hidden>/<hidden>
                            (rising edge-triggered cell FDRE clocked by clk_out1_system_pll_0_0  {rise@0.000ns fall@4.000ns period=8.000ns})
  Destination:            system_wrapper/system/rx_0_imp_178AHDX/GMSK_Demod_imp_1G913PW/gmsk_discriminador_imp_1LMKRV4/system_cordic_0_1/<hidden>/<hidden>/<hidden>/<hidden>/<hidden>/<hidden>/<hidden>/<hidden>/<hidden>/<hidden>/<hidden>/<hidden>
                            (rising edge-triggered cell FDRE clocked by clk_out1_system_pll_0_0  {rise@0.000ns fall@4.000ns period=8.000ns})
  Path Group:             clk_out1_system_pll_0_0
  Path Type:              Hold (Min at Fast Process Corner)
  Requirement:            0.000ns  (clk_out1_system_pll_0_0 rise@0.000ns - clk_out1_system_pll_0_0 rise@0.000ns)
  Data Path Delay:        0.409ns  (logic 0.251ns (61.437%)  route 0.158ns (38.563%))
  Logic Levels:           2  (CARRY4=1 LUT3=1)
  Clock Path Skew:        0.265ns (DCD - SCD - CPR)
    Destination Clock Delay (DCD):    1.970ns
    Source Clock Delay      (SCD):    1.609ns
    Clock Pessimism Removal (CPR):    0.095ns

    Location             Delay type                Incr(ns)  Path(ns)    Netlist Resource(s)
  -------------------------------------------------------------------    -------------------
                         (clock clk_out1_system_pll_0_0 rise edge)
                                                      0.000     0.000 r  
    U18                                               0.000     0.000 r  adc_clk_p_i (IN)
                         net (fo=0)                   0.000     0.000    system_i/pll_0/inst/clk_in1_p
    U18                  IBUFDS (Prop_ibufds_I_O)     0.401     0.401 r  system_i/pll_0/inst/clkin1_ibufgds/O
                         net (fo=1, routed)           0.627     1.029    system_i/pll_0/inst/clk_in1_system_pll_0_0_buf
    BUFGCTRL_X0Y4        BUFG (Prop_bufg_I_O)         0.027     1.056 r  system_i/pll_0/inst/clkin1_bufg1/O
                         net (fo=1, routed)           0.551     1.606    system_i/pll_0/inst/clk_in1_system_pll_0_0
    PLLE2_ADV_X0Y0       PLLE2_ADV (Prop_plle2_adv_CLKIN1_CLKOUT0)
                                                     -1.073     0.533 r  system_i/pll_0/inst/plle2_adv_inst/CLKOUT0
                         net (fo=1, routed)           0.497     1.030    system_i/pll_0/inst/clk_out1_system_pll_0_0
    BUFGCTRL_X0Y0        BUFG (Prop_bufg_I_O)         0.026     1.056 r  system_i/pll_0/inst/clkout1_buf/O
                         net (fo=10074, routed)       0.554     1.609    system_wrapper/system/rx_0_imp_178AHDX/GMSK_Demod_imp_1G913PW/gmsk_discriminador_imp_1LMKRV4/system_cordic_0_1/<hidden>/<hidden>/<hidden>/<hidden>/<hidden>/<hidden>/<hidden>/<hidden>/<hidden>/<hidden>/<hidden>/<hidden>
    SLICE_X23Y63         FDRE                                         r  system_wrapper/system/rx_0_imp_178AHDX/GMSK_Demod_imp_1G913PW/gmsk_discriminador_imp_1LMKRV4/system_cordic_0_1/<hidden>/<hidden>/<hidden>/<hidden>/<hidden>/<hidden>/<hidden>/<hidden>/<hidden>/<hidden>/<hidden>/<hidden>
  -------------------------------------------------------------------    -------------------
    SLICE_X23Y63         FDRE (Prop_fdre_C_Q)         0.141     1.750 r  system_wrapper/system/rx_0_imp_178AHDX/GMSK_Demod_imp_1G913PW/gmsk_discriminador_imp_1LMKRV4/system_cordic_0_1/<hidden>/<hidden>/<hidden>/<hidden>/<hidden>/<hidden>/<hidden>/<hidden>/<hidden>/<hidden>/<hidden>/<hidden>
                         net (fo=2, routed)           0.158     1.908    system_wrapper/system/rx_0_imp_178AHDX/GMSK_Demod_imp_1G913PW/gmsk_discriminador_imp_1LMKRV4/system_cordic_0_1/<hidden>/<hidden>/<hidden>/<hidden>/<hidden>/<hidden>/<hidden>/<hidden>/<hidden>/<hidden>/<hidden>
    SLICE_X21Y63         LUT3 (Prop_lut3_I2_O)        0.045     1.953 r  system_wrapper/system/rx_0_imp_178AHDX/GMSK_Demod_imp_1G913PW/gmsk_discriminador_imp_1LMKRV4/system_cordic_0_1/<hidden>/<hidden>/<hidden>/<hidden>/<hidden>/<hidden>/<hidden>/<hidden>/<hidden>/<hidden>/<hidden>
                         net (fo=1, routed)           0.000     1.953    system_wrapper/system/rx_0_imp_178AHDX/GMSK_Demod_imp_1G913PW/gmsk_discriminador_imp_1LMKRV4/system_cordic_0_1/<hidden>/<hidden>/<hidden>/<hidden>/<hidden>/<hidden>/<hidden>/<hidden>/<hidden>/<hidden>/<hidden>
    SLICE_X21Y63         CARRY4 (Prop_carry4_S[1]_O[1])
                                                      0.065     2.018 r  system_wrapper/system/rx_0_imp_178AHDX/GMSK_Demod_imp_1G913PW/gmsk_discriminador_imp_1LMKRV4/system_cordic_0_1/<hidden>/<hidden>/<hidden>/<hidden>/<hidden>/<hidden>/<hidden>/<hidden>/<hidden>/<hidden>/<hidden>
                         net (fo=1, routed)           0.000     2.018    system_wrapper/system/rx_0_imp_178AHDX/GMSK_Demod_imp_1G913PW/gmsk_discriminador_imp_1LMKRV4/system_cordic_0_1/<hidden>/<hidden>/<hidden>/<hidden>/<hidden>/<hidden>/<hidden>/<hidden>/<hidden>/<hidden>/<hidden>/<hidden>
    SLICE_X21Y63         FDRE                                         r  system_wrapper/system/rx_0_imp_178AHDX/GMSK_Demod_imp_1G913PW/gmsk_discriminador_imp_1LMKRV4/system_cordic_0_1/<hidden>/<hidden>/<hidden>/<hidden>/<hidden>/<hidden>/<hidden>/<hidden>/<hidden>/<hidden>/<hidden>/<hidden>
  -------------------------------------------------------------------    -------------------

                         (clock clk_out1_system_pll_0_0 rise edge)
                                                      0.000     0.000 r  
    U18                                               0.000     0.000 r  adc_clk_p_i (IN)
                         net (fo=0)                   0.000     0.000    system_i/pll_0/inst/clk_in1_p
    U18                  IBUFDS (Prop_ibufds_I_O)     0.433     0.433 r  system_i/pll_0/inst/clkin1_ibufgds/O
                         net (fo=1, routed)           0.683     1.116    system_i/pll_0/inst/clk_in1_system_pll_0_0_buf
    BUFGCTRL_X0Y4        BUFG (Prop_bufg_I_O)         0.030     1.146 r  system_i/pll_0/inst/clkin1_bufg1/O
                         net (fo=1, routed)           0.817     1.963    system_i/pll_0/inst/clk_in1_system_pll_0_0
    PLLE2_ADV_X0Y0       PLLE2_ADV (Prop_plle2_adv_CLKIN1_CLKOUT0)
                                                     -1.390     0.573 r  system_i/pll_0/inst/plle2_adv_inst/CLKOUT0
                         net (fo=1, routed)           0.544     1.117    system_i/pll_0/inst/clk_out1_system_pll_0_0
    BUFGCTRL_X0Y0        BUFG (Prop_bufg_I_O)         0.029     1.146 r  system_i/pll_0/inst/clkout1_buf/O
                         net (fo=10074, routed)       0.824     1.970    system_wrapper/system/rx_0_imp_178AHDX/GMSK_Demod_imp_1G913PW/gmsk_discriminador_imp_1LMKRV4/system_cordic_0_1/<hidden>/<hidden>/<hidden>/<hidden>/<hidden>/<hidden>/<hidden>/<hidden>/<hidden>/<hidden>/<hidden>/<hidden>
    SLICE_X21Y63         FDRE                                         r  system_wrapper/system/rx_0_imp_178AHDX/GMSK_Demod_imp_1G913PW/gmsk_discriminador_imp_1LMKRV4/system_cordic_0_1/<hidden>/<hidden>/<hidden>/<hidden>/<hidden>/<hidden>/<hidden>/<hidden>/<hidden>/<hidden>/<hidden>/<hidden>
                         clock pessimism             -0.095     1.875    
    SLICE_X21Y63         FDRE (Hold_fdre_C_D)         0.105     1.980    system_wrapper/system/rx_0_imp_178AHDX/GMSK_Demod_imp_1G913PW/gmsk_discriminador_imp_1LMKRV4/system_cordic_0_1/<hidden>/<hidden>/<hidden>/<hidden>/<hidden>/<hidden>/<hidden>/<hidden>/<hidden>/<hidden>/<hidden>/<hidden>
  -------------------------------------------------------------------
                         required time                         -1.980    
                         arrival time                           2.018    
  -------------------------------------------------------------------
                         slack                                  0.038    

Slack (MET) :             0.038ns  (arrival time - required time)
  Source:                 system_wrapper/system/rx_0_imp_178AHDX/system_fir_0_2/<hidden>/<hidden>/<hidden>/<hidden>
                            (rising edge-triggered cell FDRE clocked by clk_out1_system_pll_0_0  {rise@0.000ns fall@4.000ns period=8.000ns})
  Destination:            system_wrapper/system/rx_0_imp_178AHDX/system_fir_0_2/<hidden>/<hidden>/<hidden>
                            (rising edge-triggered cell FDRE clocked by clk_out1_system_pll_0_0  {rise@0.000ns fall@4.000ns period=8.000ns})
  Path Group:             clk_out1_system_pll_0_0
  Path Type:              Hold (Min at Fast Process Corner)
  Requirement:            0.000ns  (clk_out1_system_pll_0_0 rise@0.000ns - clk_out1_system_pll_0_0 rise@0.000ns)
  Data Path Delay:        0.328ns  (logic 0.148ns (45.151%)  route 0.180ns (54.849%))
  Logic Levels:           0  
  Clock Path Skew:        0.270ns (DCD - SCD - CPR)
    Destination Clock Delay (DCD):    1.978ns
    Source Clock Delay      (SCD):    1.617ns
    Clock Pessimism Removal (CPR):    0.090ns

    Location             Delay type                Incr(ns)  Path(ns)    Netlist Resource(s)
  -------------------------------------------------------------------    -------------------
                         (clock clk_out1_system_pll_0_0 rise edge)
                                                      0.000     0.000 r  
    U18                                               0.000     0.000 r  adc_clk_p_i (IN)
                         net (fo=0)                   0.000     0.000    system_i/pll_0/inst/clk_in1_p
    U18                  IBUFDS (Prop_ibufds_I_O)     0.401     0.401 r  system_i/pll_0/inst/clkin1_ibufgds/O
                         net (fo=1, routed)           0.627     1.029    system_i/pll_0/inst/clk_in1_system_pll_0_0_buf
    BUFGCTRL_X0Y4        BUFG (Prop_bufg_I_O)         0.027     1.056 r  system_i/pll_0/inst/clkin1_bufg1/O
                         net (fo=1, routed)           0.551     1.606    system_i/pll_0/inst/clk_in1_system_pll_0_0
    PLLE2_ADV_X0Y0       PLLE2_ADV (Prop_plle2_adv_CLKIN1_CLKOUT0)
                                                     -1.073     0.533 r  system_i/pll_0/inst/plle2_adv_inst/CLKOUT0
                         net (fo=1, routed)           0.497     1.030    system_i/pll_0/inst/clk_out1_system_pll_0_0
    BUFGCTRL_X0Y0        BUFG (Prop_bufg_I_O)         0.026     1.056 r  system_i/pll_0/inst/clkout1_buf/O
                         net (fo=10074, routed)       0.562     1.617    system_wrapper/system/rx_0_imp_178AHDX/system_fir_0_2/<hidden>/<hidden>/<hidden>/<hidden>
    SLICE_X30Y50         FDRE                                         r  system_wrapper/system/rx_0_imp_178AHDX/system_fir_0_2/<hidden>/<hidden>/<hidden>/<hidden>
  -------------------------------------------------------------------    -------------------
    SLICE_X30Y50         FDRE (Prop_fdre_C_Q)         0.148     1.765 r  system_wrapper/system/rx_0_imp_178AHDX/system_fir_0_2/<hidden>/<hidden>/<hidden>/<hidden>
                         net (fo=2, routed)           0.180     1.945    system_wrapper/system/rx_0_imp_178AHDX/system_fir_0_2/<hidden>/<hidden>/<hidden>
    SLICE_X26Y49         FDRE                                         r  system_wrapper/system/rx_0_imp_178AHDX/system_fir_0_2/<hidden>/<hidden>/<hidden>
  -------------------------------------------------------------------    -------------------

                         (clock clk_out1_system_pll_0_0 rise edge)
                                                      0.000     0.000 r  
    U18                                               0.000     0.000 r  adc_clk_p_i (IN)
                         net (fo=0)                   0.000     0.000    system_i/pll_0/inst/clk_in1_p
    U18                  IBUFDS (Prop_ibufds_I_O)     0.433     0.433 r  system_i/pll_0/inst/clkin1_ibufgds/O
                         net (fo=1, routed)           0.683     1.116    system_i/pll_0/inst/clk_in1_system_pll_0_0_buf
    BUFGCTRL_X0Y4        BUFG (Prop_bufg_I_O)         0.030     1.146 r  system_i/pll_0/inst/clkin1_bufg1/O
                         net (fo=1, routed)           0.817     1.963    system_i/pll_0/inst/clk_in1_system_pll_0_0
    PLLE2_ADV_X0Y0       PLLE2_ADV (Prop_plle2_adv_CLKIN1_CLKOUT0)
                                                     -1.390     0.573 r  system_i/pll_0/inst/plle2_adv_inst/CLKOUT0
                         net (fo=1, routed)           0.544     1.117    system_i/pll_0/inst/clk_out1_system_pll_0_0
    BUFGCTRL_X0Y0        BUFG (Prop_bufg_I_O)         0.029     1.146 r  system_i/pll_0/inst/clkout1_buf/O
                         net (fo=10074, routed)       0.832     1.978    system_wrapper/system/rx_0_imp_178AHDX/system_fir_0_2/<hidden>/<hidden>/<hidden>
    SLICE_X26Y49         FDRE                                         r  system_wrapper/system/rx_0_imp_178AHDX/system_fir_0_2/<hidden>/<hidden>/<hidden>
                         clock pessimism             -0.090     1.888    
    SLICE_X26Y49         FDRE (Hold_fdre_C_D)         0.019     1.907    system_wrapper/system/rx_0_imp_178AHDX/system_fir_0_2/<hidden>/<hidden>/<hidden>
  -------------------------------------------------------------------
                         required time                         -1.907    
                         arrival time                           1.945    
  -------------------------------------------------------------------
                         slack                                  0.038    

Slack (MET) :             0.041ns  (arrival time - required time)
  Source:                 system_wrapper/system/rx_0_imp_178AHDX/GMSK_Demod_imp_1G913PW/gmsk_discriminador_imp_1LMKRV4/system_cmpy_discriminator_0_0/<hidden>/<hidden>/<hidden>/<hidden>/<hidden>/<hidden>/<hidden>
                            (rising edge-triggered cell FDRE clocked by clk_out1_system_pll_0_0  {rise@0.000ns fall@4.000ns period=8.000ns})
  Destination:            system_wrapper/system/rx_0_imp_178AHDX/GMSK_Demod_imp_1G913PW/gmsk_discriminador_imp_1LMKRV4/system_cmpy_discriminator_0_0/<hidden>/<hidden>/<hidden>/<hidden>/<hidden>/<hidden>/<hidden>
                            (rising edge-triggered cell FDRE clocked by clk_out1_system_pll_0_0  {rise@0.000ns fall@4.000ns period=8.000ns})
  Path Group:             clk_out1_system_pll_0_0
  Path Type:              Hold (Min at Fast Process Corner)
  Requirement:            0.000ns  (clk_out1_system_pll_0_0 rise@0.000ns - clk_out1_system_pll_0_0 rise@0.000ns)
  Data Path Delay:        0.327ns  (logic 0.148ns (45.262%)  route 0.179ns (54.738%))
  Logic Levels:           0  
  Clock Path Skew:        0.264ns (DCD - SCD - CPR)
    Destination Clock Delay (DCD):    1.967ns
    Source Clock Delay      (SCD):    1.607ns
    Clock Pessimism Removal (CPR):    0.095ns

    Location             Delay type                Incr(ns)  Path(ns)    Netlist Resource(s)
  -------------------------------------------------------------------    -------------------
                         (clock clk_out1_system_pll_0_0 rise edge)
                                                      0.000     0.000 r  
    U18                                               0.000     0.000 r  adc_clk_p_i (IN)
                         net (fo=0)                   0.000     0.000    system_i/pll_0/inst/clk_in1_p
    U18                  IBUFDS (Prop_ibufds_I_O)     0.401     0.401 r  system_i/pll_0/inst/clkin1_ibufgds/O
                         net (fo=1, routed)           0.627     1.029    system_i/pll_0/inst/clk_in1_system_pll_0_0_buf
    BUFGCTRL_X0Y4        BUFG (Prop_bufg_I_O)         0.027     1.056 r  system_i/pll_0/inst/clkin1_bufg1/O
                         net (fo=1, routed)           0.551     1.606    system_i/pll_0/inst/clk_in1_system_pll_0_0
    PLLE2_ADV_X0Y0       PLLE2_ADV (Prop_plle2_adv_CLKIN1_CLKOUT0)
                                                     -1.073     0.533 r  system_i/pll_0/inst/plle2_adv_inst/CLKOUT0
                         net (fo=1, routed)           0.497     1.030    system_i/pll_0/inst/clk_out1_system_pll_0_0
    BUFGCTRL_X0Y0        BUFG (Prop_bufg_I_O)         0.026     1.056 r  system_i/pll_0/inst/clkout1_buf/O
                         net (fo=10074, routed)       0.552     1.607    system_wrapper/system/rx_0_imp_178AHDX/GMSK_Demod_imp_1G913PW/gmsk_discriminador_imp_1LMKRV4/system_cmpy_discriminator_0_0/<hidden>/<hidden>/<hidden>/<hidden>/<hidden>/<hidden>/<hidden>
    SLICE_X24Y30         FDRE                                         r  system_wrapper/system/rx_0_imp_178AHDX/GMSK_Demod_imp_1G913PW/gmsk_discriminador_imp_1LMKRV4/system_cmpy_discriminator_0_0/<hidden>/<hidden>/<hidden>/<hidden>/<hidden>/<hidden>/<hidden>
  -------------------------------------------------------------------    -------------------
    SLICE_X24Y30         FDRE (Prop_fdre_C_Q)         0.148     1.755 r  system_wrapper/system/rx_0_imp_178AHDX/GMSK_Demod_imp_1G913PW/gmsk_discriminador_imp_1LMKRV4/system_cmpy_discriminator_0_0/<hidden>/<hidden>/<hidden>/<hidden>/<hidden>/<hidden>/<hidden>
                         net (fo=1, routed)           0.179     1.934    system_wrapper/system/rx_0_imp_178AHDX/GMSK_Demod_imp_1G913PW/gmsk_discriminador_imp_1LMKRV4/system_cmpy_discriminator_0_0/<hidden>/<hidden>/<hidden>/<hidden>/<hidden>/<hidden>/<hidden>
    SLICE_X17Y30         FDRE                                         r  system_wrapper/system/rx_0_imp_178AHDX/GMSK_Demod_imp_1G913PW/gmsk_discriminador_imp_1LMKRV4/system_cmpy_discriminator_0_0/<hidden>/<hidden>/<hidden>/<hidden>/<hidden>/<hidden>/<hidden>
  -------------------------------------------------------------------    -------------------

                         (clock clk_out1_system_pll_0_0 rise edge)
                                                      0.000     0.000 r  
    U18                                               0.000     0.000 r  adc_clk_p_i (IN)
                         net (fo=0)                   0.000     0.000    system_i/pll_0/inst/clk_in1_p
    U18                  IBUFDS (Prop_ibufds_I_O)     0.433     0.433 r  system_i/pll_0/inst/clkin1_ibufgds/O
                         net (fo=1, routed)           0.683     1.116    system_i/pll_0/inst/clk_in1_system_pll_0_0_buf
    BUFGCTRL_X0Y4        BUFG (Prop_bufg_I_O)         0.030     1.146 r  system_i/pll_0/inst/clkin1_bufg1/O
                         net (fo=1, routed)           0.817     1.963    system_i/pll_0/inst/clk_in1_system_pll_0_0
    PLLE2_ADV_X0Y0       PLLE2_ADV (Prop_plle2_adv_CLKIN1_CLKOUT0)
                                                     -1.390     0.573 r  system_i/pll_0/inst/plle2_adv_inst/CLKOUT0
                         net (fo=1, routed)           0.544     1.117    system_i/pll_0/inst/clk_out1_system_pll_0_0
    BUFGCTRL_X0Y0        BUFG (Prop_bufg_I_O)         0.029     1.146 r  system_i/pll_0/inst/clkout1_buf/O
                         net (fo=10074, routed)       0.821     1.967    system_wrapper/system/rx_0_imp_178AHDX/GMSK_Demod_imp_1G913PW/gmsk_discriminador_imp_1LMKRV4/system_cmpy_discriminator_0_0/<hidden>/<hidden>/<hidden>/<hidden>/<hidden>/<hidden>/<hidden>
    SLICE_X17Y30         FDRE                                         r  system_wrapper/system/rx_0_imp_178AHDX/GMSK_Demod_imp_1G913PW/gmsk_discriminador_imp_1LMKRV4/system_cmpy_discriminator_0_0/<hidden>/<hidden>/<hidden>/<hidden>/<hidden>/<hidden>/<hidden>
                         clock pessimism             -0.095     1.872    
    SLICE_X17Y30         FDRE (Hold_fdre_C_D)         0.022     1.894    system_wrapper/system/rx_0_imp_178AHDX/GMSK_Demod_imp_1G913PW/gmsk_discriminador_imp_1LMKRV4/system_cmpy_discriminator_0_0/<hidden>/<hidden>/<hidden>/<hidden>/<hidden>/<hidden>/<hidden>
  -------------------------------------------------------------------
                         required time                         -1.894    
                         arrival time                           1.934    
  -------------------------------------------------------------------
                         slack                                  0.041    

Slack (MET) :             0.041ns  (arrival time - required time)
  Source:                 system_wrapper/system/rx_0_imp_178AHDX/system_cic_0_0/<hidden>/<hidden>/<hidden>/<hidden>
                            (rising edge-triggered cell FDRE clocked by clk_out1_system_pll_0_0  {rise@0.000ns fall@4.000ns period=8.000ns})
  Destination:            system_wrapper/system/rx_0_imp_178AHDX/system_cic_0_0/<hidden>/<hidden>/<hidden>/<hidden>/<hidden>/<hidden>
                            (rising edge-triggered cell FDRE clocked by clk_out1_system_pll_0_0  {rise@0.000ns fall@4.000ns period=8.000ns})
  Path Group:             clk_out1_system_pll_0_0
  Path Type:              Hold (Min at Fast Process Corner)
  Requirement:            0.000ns  (clk_out1_system_pll_0_0 rise@0.000ns - clk_out1_system_pll_0_0 rise@0.000ns)
  Data Path Delay:        0.323ns  (logic 0.148ns (45.773%)  route 0.175ns (54.227%))
  Logic Levels:           0  
  Clock Path Skew:        0.268ns (DCD - SCD - CPR)
    Destination Clock Delay (DCD):    2.007ns
    Source Clock Delay      (SCD):    1.648ns
    Clock Pessimism Removal (CPR):    0.090ns

    Location             Delay type                Incr(ns)  Path(ns)    Netlist Resource(s)
  -------------------------------------------------------------------    -------------------
                         (clock clk_out1_system_pll_0_0 rise edge)
                                                      0.000     0.000 r  
    U18                                               0.000     0.000 r  adc_clk_p_i (IN)
                         net (fo=0)                   0.000     0.000    system_i/pll_0/inst/clk_in1_p
    U18                  IBUFDS (Prop_ibufds_I_O)     0.401     0.401 r  system_i/pll_0/inst/clkin1_ibufgds/O
                         net (fo=1, routed)           0.627     1.029    system_i/pll_0/inst/clk_in1_system_pll_0_0_buf
    BUFGCTRL_X0Y4        BUFG (Prop_bufg_I_O)         0.027     1.056 r  system_i/pll_0/inst/clkin1_bufg1/O
                         net (fo=1, routed)           0.551     1.606    system_i/pll_0/inst/clk_in1_system_pll_0_0
    PLLE2_ADV_X0Y0       PLLE2_ADV (Prop_plle2_adv_CLKIN1_CLKOUT0)
                                                     -1.073     0.533 r  system_i/pll_0/inst/plle2_adv_inst/CLKOUT0
                         net (fo=1, routed)           0.497     1.030    system_i/pll_0/inst/clk_out1_system_pll_0_0
    BUFGCTRL_X0Y0        BUFG (Prop_bufg_I_O)         0.026     1.056 r  system_i/pll_0/inst/clkout1_buf/O
                         net (fo=10074, routed)       0.593     1.648    system_wrapper/system/rx_0_imp_178AHDX/system_cic_0_0/<hidden>/<hidden>/<hidden>/<hidden>
    SLICE_X42Y47         FDRE                                         r  system_wrapper/system/rx_0_imp_178AHDX/system_cic_0_0/<hidden>/<hidden>/<hidden>/<hidden>
  -------------------------------------------------------------------    -------------------
    SLICE_X42Y47         FDRE (Prop_fdre_C_Q)         0.148     1.796 r  system_wrapper/system/rx_0_imp_178AHDX/system_cic_0_0/<hidden>/<hidden>/<hidden>/<hidden>
                         net (fo=2, routed)           0.175     1.972    system_wrapper/system/rx_0_imp_178AHDX/system_cic_0_0/<hidden>/<hidden>/<hidden>/<hidden>/<hidden>/<hidden>
    SLICE_X43Y50         FDRE                                         r  system_wrapper/system/rx_0_imp_178AHDX/system_cic_0_0/<hidden>/<hidden>/<hidden>/<hidden>/<hidden>/<hidden>
  -------------------------------------------------------------------    -------------------

                         (clock clk_out1_system_pll_0_0 rise edge)
                                                      0.000     0.000 r  
    U18                                               0.000     0.000 r  adc_clk_p_i (IN)
                         net (fo=0)                   0.000     0.000    system_i/pll_0/inst/clk_in1_p
    U18                  IBUFDS (Prop_ibufds_I_O)     0.433     0.433 r  system_i/pll_0/inst/clkin1_ibufgds/O
                         net (fo=1, routed)           0.683     1.116    system_i/pll_0/inst/clk_in1_system_pll_0_0_buf
    BUFGCTRL_X0Y4        BUFG (Prop_bufg_I_O)         0.030     1.146 r  system_i/pll_0/inst/clkin1_bufg1/O
                         net (fo=1, routed)           0.817     1.963    system_i/pll_0/inst/clk_in1_system_pll_0_0
    PLLE2_ADV_X0Y0       PLLE2_ADV (Prop_plle2_adv_CLKIN1_CLKOUT0)
                                                     -1.390     0.573 r  system_i/pll_0/inst/plle2_adv_inst/CLKOUT0
                         net (fo=1, routed)           0.544     1.117    system_i/pll_0/inst/clk_out1_system_pll_0_0
    BUFGCTRL_X0Y0        BUFG (Prop_bufg_I_O)         0.029     1.146 r  system_i/pll_0/inst/clkout1_buf/O
                         net (fo=10074, routed)       0.861     2.007    system_wrapper/system/rx_0_imp_178AHDX/system_cic_0_0/<hidden>/<hidden>/<hidden>/<hidden>/<hidden>/<hidden>
    SLICE_X43Y50         FDRE                                         r  system_wrapper/system/rx_0_imp_178AHDX/system_cic_0_0/<hidden>/<hidden>/<hidden>/<hidden>/<hidden>/<hidden>
                         clock pessimism             -0.090     1.917    
    SLICE_X43Y50         FDRE (Hold_fdre_C_D)         0.014     1.931    system_wrapper/system/rx_0_imp_178AHDX/system_cic_0_0/<hidden>/<hidden>/<hidden>/<hidden>/<hidden>/<hidden>
  -------------------------------------------------------------------
                         required time                         -1.931    
                         arrival time                           1.972    
  -------------------------------------------------------------------
                         slack                                  0.041    





Pulse Width Checks
--------------------------------------------------------------------------------------
Clock Name:         clk_out1_system_pll_0_0
Waveform(ns):       { 0.000 4.000 }
Period(ns):         8.000
Sources:            { system_i/pll_0/inst/plle2_adv_inst/CLKOUT0 }

Check Type        Corner  Lib Pin             Reference Pin  Required(ns)  Actual(ns)  Slack(ns)  Location        Pin
Min Period        n/a     DSP48E1/CLK         n/a            3.884         8.000       4.116      DSP48_X0Y29     system_i/rx_0/GMSK_Demod/gmsk_simbolo/gmsk_symbol_phase_ac_0/inst/lo_cos_reg_reg/CLK
Min Period        n/a     DSP48E1/CLK         n/a            3.884         8.000       4.116      DSP48_X0Y33     system_i/rx_0/GMSK_Demod/gmsk_simbolo/gmsk_symbol_phase_ac_0/inst/lo_sin_reg_reg/CLK
Min Period        n/a     DSP48E1/CLK         n/a            3.687         8.000       4.313      DSP48_X0Y27     system_i/rx_0/GMSK_Demod/gmsk_simbolo/gmsk_symbol_phase_ac_0/inst/hi_cos_reg_reg/CLK
Min Period        n/a     DSP48E1/CLK         n/a            3.687         8.000       4.313      DSP48_X0Y31     system_i/rx_0/GMSK_Demod/gmsk_simbolo/gmsk_symbol_phase_ac_0/inst/hi_sin_reg_reg/CLK
Min Period        n/a     RAMB18E1/CLKARDCLK  n/a            2.576         8.000       5.424      RAMB18_X2Y30    system_wrapper/system/rx_0_imp_178AHDX/GMSK_Demod_imp_1G913PW/gmsk_simbolo_imp_N1U41C/system_osc_0_1/<hidden>/<hidden>
Min Period        n/a     RAMB36E1/CLKARDCLK  n/a            2.576         8.000       5.424      RAMB36_X2Y14    system_wrapper/system/rx_0_imp_178AHDX/GMSK_Demod_imp_1G913PW/gmsk_simbolo_imp_N1U41C/system_osc_0_1/<hidden>/<hidden>/<hidden>/<hidden>
Min Period        n/a     RAMB36E1/CLKBWRCLK  n/a            2.576         8.000       5.424      RAMB36_X2Y14    system_wrapper/system/rx_0_imp_178AHDX/GMSK_Demod_imp_1G913PW/gmsk_simbolo_imp_N1U41C/system_osc_0_1/<hidden>/<hidden>/<hidden>/<hidden>
Min Period        n/a     RAMB18E1/CLKARDCLK  n/a            2.576         8.000       5.424      RAMB18_X0Y18    system_i/rx_0/fifo_0/inst/fifo_0/xpm_fifo_base_inst/gen_sdpram.xpm_memory_base_inst/gen_wr_a.gen_word_narrow.mem_reg/CLKARDCLK
Min Period        n/a     RAMB18E1/CLKBWRCLK  n/a            2.576         8.000       5.424      RAMB18_X0Y18    system_i/rx_0/fifo_0/inst/fifo_0/xpm_fifo_base_inst/gen_sdpram.xpm_memory_base_inst/gen_wr_a.gen_word_narrow.mem_reg/CLKBWRCLK
Min Period        n/a     RAMB18E1/CLKARDCLK  n/a            2.576         8.000       5.424      RAMB18_X0Y10    system_wrapper/system/rx_0_imp_178AHDX/system_dds_0_0/<hidden>/<hidden>
Max Period        n/a     PLLE2_ADV/CLKOUT0   n/a            160.000       8.000       152.000    PLLE2_ADV_X0Y0  system_i/pll_0/inst/plle2_adv_inst/CLKOUT0
Low Pulse Width   Slow    SRL16E/CLK          n/a            0.980         4.000       3.020      SLICE_X42Y30    system_i/rst_0/U0/EXT_LPF/POR_SRL_I/CLK
Low Pulse Width   Fast    SRL16E/CLK          n/a            0.980         4.000       3.020      SLICE_X42Y30    system_i/rst_0/U0/EXT_LPF/POR_SRL_I/CLK
Low Pulse Width   Slow    SRL16E/CLK          n/a            0.980         4.000       3.020      SLICE_X12Y31    system_wrapper/system/rx_0_imp_178AHDX/GMSK_Demod_imp_1G913PW/gmsk_discriminador_imp_1LMKRV4/system_cmpy_discriminator_0_0/<hidden>/<hidden>/<hidden>
Low Pulse Width   Fast    SRL16E/CLK          n/a            0.980         4.000       3.020      SLICE_X12Y31    system_wrapper/system/rx_0_imp_178AHDX/GMSK_Demod_imp_1G913PW/gmsk_discriminador_imp_1LMKRV4/system_cmpy_discriminator_0_0/<hidden>/<hidden>/<hidden>
Low Pulse Width   Slow    SRL16E/CLK          n/a            0.980         4.000       3.020      SLICE_X10Y32    system_wrapper/system/rx_0_imp_178AHDX/GMSK_Demod_imp_1G913PW/gmsk_discriminador_imp_1LMKRV4/system_cmpy_discriminator_0_0/<hidden>/<hidden>/<hidden>/<hidden>/<hidden>/<hidden>/<hidden>
Low Pulse Width   Fast    SRL16E/CLK          n/a            0.980         4.000       3.020      SLICE_X10Y32    system_wrapper/system/rx_0_imp_178AHDX/GMSK_Demod_imp_1G913PW/gmsk_discriminador_imp_1LMKRV4/system_cmpy_discriminator_0_0/<hidden>/<hidden>/<hidden>/<hidden>/<hidden>/<hidden>/<hidden>
Low Pulse Width   Slow    SRL16E/CLK          n/a            0.980         4.000       3.020      SLICE_X12Y36    system_wrapper/system/rx_0_imp_178AHDX/GMSK_Demod_imp_1G913PW/gmsk_discriminador_imp_1LMKRV4/system_cmpy_discriminator_0_0/<hidden>/<hidden>/<hidden>/<hidden>/<hidden>/<hidden>/<hidden>
Low Pulse Width   Fast    SRL16E/CLK          n/a            0.980         4.000       3.020      SLICE_X12Y36    system_wrapper/system/rx_0_imp_178AHDX/GMSK_Demod_imp_1G913PW/gmsk_discriminador_imp_1LMKRV4/system_cmpy_discriminator_0_0/<hidden>/<hidden>/<hidden>/<hidden>/<hidden>/<hidden>/<hidden>
Low Pulse Width   Slow    SRL16E/CLK          n/a            0.980         4.000       3.020      SLICE_X12Y36    system_wrapper/system/rx_0_imp_178AHDX/GMSK_Demod_imp_1G913PW/gmsk_discriminador_imp_1LMKRV4/system_cmpy_discriminator_0_0/<hidden>/<hidden>/<hidden>/<hidden>/<hidden>/<hidden>/<hidden>
Low Pulse Width   Fast    SRL16E/CLK          n/a            0.980         4.000       3.020      SLICE_X12Y36    system_wrapper/system/rx_0_imp_178AHDX/GMSK_Demod_imp_1G913PW/gmsk_discriminador_imp_1LMKRV4/system_cmpy_discriminator_0_0/<hidden>/<hidden>/<hidden>/<hidden>/<hidden>/<hidden>/<hidden>
High Pulse Width  Slow    SRL16E/CLK          n/a            0.980         4.000       3.020      SLICE_X42Y30    system_i/rst_0/U0/EXT_LPF/POR_SRL_I/CLK
High Pulse Width  Fast    SRL16E/CLK          n/a            0.980         4.000       3.020      SLICE_X42Y30    system_i/rst_0/U0/EXT_LPF/POR_SRL_I/CLK
High Pulse Width  Slow    SRL16E/CLK          n/a            0.980         4.000       3.020      SLICE_X12Y31    system_wrapper/system/rx_0_imp_178AHDX/GMSK_Demod_imp_1G913PW/gmsk_discriminador_imp_1LMKRV4/system_cmpy_discriminator_0_0/<hidden>/<hidden>/<hidden>
High Pulse Width  Fast    SRL16E/CLK          n/a            0.980         4.000       3.020      SLICE_X12Y31    system_wrapper/system/rx_0_imp_178AHDX/GMSK_Demod_imp_1G913PW/gmsk_discriminador_imp_1LMKRV4/system_cmpy_discriminator_0_0/<hidden>/<hidden>/<hidden>
High Pulse Width  Slow    SRL16E/CLK          n/a            0.980         4.000       3.020      SLICE_X10Y32    system_wrapper/system/rx_0_imp_178AHDX/GMSK_Demod_imp_1G913PW/gmsk_discriminador_imp_1LMKRV4/system_cmpy_discriminator_0_0/<hidden>/<hidden>/<hidden>/<hidden>/<hidden>/<hidden>/<hidden>
High Pulse Width  Fast    SRL16E/CLK          n/a            0.980         4.000       3.020      SLICE_X10Y32    system_wrapper/system/rx_0_imp_178AHDX/GMSK_Demod_imp_1G913PW/gmsk_discriminador_imp_1LMKRV4/system_cmpy_discriminator_0_0/<hidden>/<hidden>/<hidden>/<hidden>/<hidden>/<hidden>/<hidden>
High Pulse Width  Slow    SRL16E/CLK          n/a            0.980         4.000       3.020      SLICE_X12Y36    system_wrapper/system/rx_0_imp_178AHDX/GMSK_Demod_imp_1G913PW/gmsk_discriminador_imp_1LMKRV4/system_cmpy_discriminator_0_0/<hidden>/<hidden>/<hidden>/<hidden>/<hidden>/<hidden>/<hidden>
High Pulse Width  Fast    SRL16E/CLK          n/a            0.980         4.000       3.020      SLICE_X12Y36    system_wrapper/system/rx_0_imp_178AHDX/GMSK_Demod_imp_1G913PW/gmsk_discriminador_imp_1LMKRV4/system_cmpy_discriminator_0_0/<hidden>/<hidden>/<hidden>/<hidden>/<hidden>/<hidden>/<hidden>
High Pulse Width  Slow    SRL16E/CLK          n/a            0.980         4.000       3.020      SLICE_X12Y36    system_wrapper/system/rx_0_imp_178AHDX/GMSK_Demod_imp_1G913PW/gmsk_discriminador_imp_1LMKRV4/system_cmpy_discriminator_0_0/<hidden>/<hidden>/<hidden>/<hidden>/<hidden>/<hidden>/<hidden>
High Pulse Width  Fast    SRL16E/CLK          n/a            0.980         4.000       3.020      SLICE_X12Y36    system_wrapper/system/rx_0_imp_178AHDX/GMSK_Demod_imp_1G913PW/gmsk_discriminador_imp_1LMKRV4/system_cmpy_discriminator_0_0/<hidden>/<hidden>/<hidden>/<hidden>/<hidden>/<hidden>/<hidden>



---------------------------------------------------------------------------------------------------
From Clock:  clk_out2_system_pll_0_0
  To Clock:  clk_out2_system_pll_0_0

Setup :           NA  Failing Endpoints,  Worst Slack           NA  ,  Total Violation           NA
Hold  :           NA  Failing Endpoints,  Worst Slack           NA  ,  Total Violation           NA
PW    :            0  Failing Endpoints,  Worst Slack        1.845ns,  Total Violation        0.000ns
---------------------------------------------------------------------------------------------------


Pulse Width Checks
--------------------------------------------------------------------------------------
Clock Name:         clk_out2_system_pll_0_0
Waveform(ns):       { 1.750 3.750 }
Period(ns):         4.000
Sources:            { system_i/pll_0/inst/plle2_adv_inst/CLKOUT1 }

Check Type  Corner  Lib Pin            Reference Pin  Required(ns)  Actual(ns)  Slack(ns)  Location        Pin
Min Period  n/a     BUFG/I             n/a            2.155         4.000       1.845      BUFGCTRL_X0Y1   system_i/pll_0/inst/clkout2_buf/I
Min Period  n/a     ODDR/C             n/a            1.474         4.000       2.526      OLOGIC_X0Y83    system_i/dac_0/inst/ODDR_clk/C
Min Period  n/a     PLLE2_ADV/CLKOUT1  n/a            1.249         4.000       2.751      PLLE2_ADV_X0Y0  system_i/pll_0/inst/plle2_adv_inst/CLKOUT1
Max Period  n/a     PLLE2_ADV/CLKOUT1  n/a            160.000       4.000       156.000    PLLE2_ADV_X0Y0  system_i/pll_0/inst/plle2_adv_inst/CLKOUT1



---------------------------------------------------------------------------------------------------
From Clock:  clk_out3_system_pll_0_0
  To Clock:  clk_out3_system_pll_0_0

Setup :           NA  Failing Endpoints,  Worst Slack           NA  ,  Total Violation           NA
Hold  :           NA  Failing Endpoints,  Worst Slack           NA  ,  Total Violation           NA
PW    :            0  Failing Endpoints,  Worst Slack        1.845ns,  Total Violation        0.000ns
---------------------------------------------------------------------------------------------------


Pulse Width Checks
--------------------------------------------------------------------------------------
Clock Name:         clk_out3_system_pll_0_0
Waveform(ns):       { 2.250 4.250 }
Period(ns):         4.000
Sources:            { system_i/pll_0/inst/plle2_adv_inst/CLKOUT2 }

Check Type  Corner  Lib Pin            Reference Pin  Required(ns)  Actual(ns)  Slack(ns)  Location        Pin
Min Period  n/a     BUFG/I             n/a            2.155         4.000       1.845      BUFGCTRL_X0Y2   system_i/pll_0/inst/clkout3_buf/I
Min Period  n/a     ODDR/C             n/a            1.474         4.000       2.526      OLOGIC_X0Y84    system_i/dac_0/inst/ODDR_wrt/C
Min Period  n/a     PLLE2_ADV/CLKOUT2  n/a            1.249         4.000       2.751      PLLE2_ADV_X0Y0  system_i/pll_0/inst/plle2_adv_inst/CLKOUT2
Max Period  n/a     PLLE2_ADV/CLKOUT2  n/a            160.000       4.000       156.000    PLLE2_ADV_X0Y0  system_i/pll_0/inst/plle2_adv_inst/CLKOUT2



---------------------------------------------------------------------------------------------------
From Clock:  clkfbout_system_pll_0_0
  To Clock:  clkfbout_system_pll_0_0

Setup :           NA  Failing Endpoints,  Worst Slack           NA  ,  Total Violation           NA
Hold  :           NA  Failing Endpoints,  Worst Slack           NA  ,  Total Violation           NA
PW    :            0  Failing Endpoints,  Worst Slack        5.845ns,  Total Violation        0.000ns
---------------------------------------------------------------------------------------------------


Pulse Width Checks
--------------------------------------------------------------------------------------
Clock Name:         clkfbout_system_pll_0_0
Waveform(ns):       { 0.000 4.000 }
Period(ns):         8.000
Sources:            { system_i/pll_0/inst/plle2_adv_inst/CLKFBOUT }

Check Type  Corner  Lib Pin             Reference Pin  Required(ns)  Actual(ns)  Slack(ns)  Location        Pin
Min Period  n/a     BUFG/I              n/a            2.155         8.000       5.845      BUFGCTRL_X0Y3   system_i/pll_0/inst/clkf_buf/I
Min Period  n/a     PLLE2_ADV/CLKFBOUT  n/a            1.249         8.000       6.751      PLLE2_ADV_X0Y0  system_i/pll_0/inst/plle2_adv_inst/CLKFBOUT
Min Period  n/a     PLLE2_ADV/CLKFBIN   n/a            1.249         8.000       6.751      PLLE2_ADV_X0Y0  system_i/pll_0/inst/plle2_adv_inst/CLKFBIN
Max Period  n/a     PLLE2_ADV/CLKFBIN   n/a            52.633        8.000       44.633     PLLE2_ADV_X0Y0  system_i/pll_0/inst/plle2_adv_inst/CLKFBIN
Max Period  n/a     PLLE2_ADV/CLKFBOUT  n/a            160.000       8.000       152.000    PLLE2_ADV_X0Y0  system_i/pll_0/inst/plle2_adv_inst/CLKFBOUT



---------------------------------------------------------------------------------------------------
From Clock:  adc_clk_p_i
  To Clock:  clk_out1_system_pll_0_0

Setup :            0  Failing Endpoints,  Worst Slack        7.968ns,  Total Violation        0.000ns
Hold  :           NA  Failing Endpoints,  Worst Slack           NA  ,  Total Violation           NA
---------------------------------------------------------------------------------------------------


Max Delay Paths
--------------------------------------------------------------------------------------
Slack (MET) :             7.968ns  (required time - arrival time)
  Source:                 adc_dat_a_i[7]
                            (input port clocked by adc_clk_p_i  {rise@0.000ns fall@4.000ns period=8.000ns})
  Destination:            system_i/adc_0/inst/int_dat_a_reg_reg[5]/D
                            (rising edge-triggered cell FDRE clocked by clk_out1_system_pll_0_0  {rise@0.000ns fall@4.000ns period=8.000ns})
  Path Group:             clk_out1_system_pll_0_0
  Path Type:              Setup (Max at Fast Process Corner)
  Requirement:            8.000ns  (clk_out1_system_pll_0_0 rise@8.000ns - adc_clk_p_i rise@0.000ns)
  Data Path Delay:        0.488ns  (logic 0.488ns (100.000%)  route 0.000ns (0.000%))
  Logic Levels:           1  (IBUF=1)
  Input Delay:            1.000ns
  Clock Path Skew:        1.635ns (DCD - SCD + CPR)
    Destination Clock Delay (DCD):    1.635ns = ( 9.635 - 8.000 ) 
    Source Clock Delay      (SCD):    0.000ns
    Clock Pessimism Removal (CPR):    0.000ns
  Clock Uncertainty:      0.177ns  ((TSJ^2 + TIJ^2 + DJ^2)^1/2) / 2 + PE
    Total System Jitter     (TSJ):    0.071ns
    Total Input Jitter      (TIJ):    0.080ns
    Discrete Jitter          (DJ):    0.119ns
    Phase Error              (PE):    0.097ns

    Location             Delay type                Incr(ns)  Path(ns)    Netlist Resource(s)
  -------------------------------------------------------------------    -------------------
                         (clock adc_clk_p_i rise edge)
                                                      0.000     0.000 r  
                         input delay                  1.000     1.000    
    Y14                                               0.000     1.000 r  adc_dat_a_i[7] (IN)
                         net (fo=0)                   0.000     1.000    adc_dat_a_i[7]
    Y14                  IBUF (Prop_ibuf_I_O)         0.488     1.488 r  adc_dat_a_i_IBUF[7]_inst/O
                         net (fo=1, routed)           0.000     1.488    system_i/adc_0/inst/adc_dat_a[5]
    ILOGIC_X0Y33         FDRE                                         r  system_i/adc_0/inst/int_dat_a_reg_reg[5]/D
  -------------------------------------------------------------------    -------------------

                         (clock clk_out1_system_pll_0_0 rise edge)
                                                      8.000     8.000 r  
    U18                                               0.000     8.000 r  adc_clk_p_i (IN)
                         net (fo=0)                   0.000     8.000    system_i/pll_0/inst/clk_in1_p
    U18                  IBUFDS (Prop_ibufds_I_O)     0.401     8.401 r  system_i/pll_0/inst/clkin1_ibufgds/O
                         net (fo=1, routed)           0.627     9.029    system_i/pll_0/inst/clk_in1_system_pll_0_0_buf
    BUFGCTRL_X0Y4        BUFG (Prop_bufg_I_O)         0.027     9.056 r  system_i/pll_0/inst/clkin1_bufg1/O
                         net (fo=1, routed)           0.551     9.606    system_i/pll_0/inst/clk_in1_system_pll_0_0
    PLLE2_ADV_X0Y0       PLLE2_ADV (Prop_plle2_adv_CLKIN1_CLKOUT0)
                                                     -1.073     8.533 r  system_i/pll_0/inst/plle2_adv_inst/CLKOUT0
                         net (fo=1, routed)           0.497     9.030    system_i/pll_0/inst/clk_out1_system_pll_0_0
    BUFGCTRL_X0Y0        BUFG (Prop_bufg_I_O)         0.026     9.056 r  system_i/pll_0/inst/clkout1_buf/O
                         net (fo=10074, routed)       0.580     9.635    system_i/adc_0/inst/aclk
    ILOGIC_X0Y33         FDRE                                         r  system_i/adc_0/inst/int_dat_a_reg_reg[5]/C
                         clock pessimism              0.000     9.635    
                         clock uncertainty           -0.177     9.458    
    ILOGIC_X0Y33         FDRE (Setup_fdre_C_D)       -0.002     9.456    system_i/adc_0/inst/int_dat_a_reg_reg[5]
  -------------------------------------------------------------------
                         required time                          9.456    
                         arrival time                          -1.488    
  -------------------------------------------------------------------
                         slack                                  7.968    

Slack (MET) :             7.971ns  (required time - arrival time)
  Source:                 adc_dat_a_i[6]
                            (input port clocked by adc_clk_p_i  {rise@0.000ns fall@4.000ns period=8.000ns})
  Destination:            system_i/adc_0/inst/int_dat_a_reg_reg[4]/D
                            (rising edge-triggered cell FDRE clocked by clk_out1_system_pll_0_0  {rise@0.000ns fall@4.000ns period=8.000ns})
  Path Group:             clk_out1_system_pll_0_0
  Path Type:              Setup (Max at Fast Process Corner)
  Requirement:            8.000ns  (clk_out1_system_pll_0_0 rise@8.000ns - adc_clk_p_i rise@0.000ns)
  Data Path Delay:        0.486ns  (logic 0.486ns (100.000%)  route 0.000ns (0.000%))
  Logic Levels:           1  (IBUF=1)
  Input Delay:            1.000ns
  Clock Path Skew:        1.635ns (DCD - SCD + CPR)
    Destination Clock Delay (DCD):    1.635ns = ( 9.635 - 8.000 ) 
    Source Clock Delay      (SCD):    0.000ns
    Clock Pessimism Removal (CPR):    0.000ns
  Clock Uncertainty:      0.177ns  ((TSJ^2 + TIJ^2 + DJ^2)^1/2) / 2 + PE
    Total System Jitter     (TSJ):    0.071ns
    Total Input Jitter      (TIJ):    0.080ns
    Discrete Jitter          (DJ):    0.119ns
    Phase Error              (PE):    0.097ns

    Location             Delay type                Incr(ns)  Path(ns)    Netlist Resource(s)
  -------------------------------------------------------------------    -------------------
                         (clock adc_clk_p_i rise edge)
                                                      0.000     0.000 r  
                         input delay                  1.000     1.000    
    W14                                               0.000     1.000 r  adc_dat_a_i[6] (IN)
                         net (fo=0)                   0.000     1.000    adc_dat_a_i[6]
    W14                  IBUF (Prop_ibuf_I_O)         0.486     1.486 r  adc_dat_a_i_IBUF[6]_inst/O
                         net (fo=1, routed)           0.000     1.486    system_i/adc_0/inst/adc_dat_a[4]
    ILOGIC_X0Y34         FDRE                                         r  system_i/adc_0/inst/int_dat_a_reg_reg[4]/D
  -------------------------------------------------------------------    -------------------

                         (clock clk_out1_system_pll_0_0 rise edge)
                                                      8.000     8.000 r  
    U18                                               0.000     8.000 r  adc_clk_p_i (IN)
                         net (fo=0)                   0.000     8.000    system_i/pll_0/inst/clk_in1_p
    U18                  IBUFDS (Prop_ibufds_I_O)     0.401     8.401 r  system_i/pll_0/inst/clkin1_ibufgds/O
                         net (fo=1, routed)           0.627     9.029    system_i/pll_0/inst/clk_in1_system_pll_0_0_buf
    BUFGCTRL_X0Y4        BUFG (Prop_bufg_I_O)         0.027     9.056 r  system_i/pll_0/inst/clkin1_bufg1/O
                         net (fo=1, routed)           0.551     9.606    system_i/pll_0/inst/clk_in1_system_pll_0_0
    PLLE2_ADV_X0Y0       PLLE2_ADV (Prop_plle2_adv_CLKIN1_CLKOUT0)
                                                     -1.073     8.533 r  system_i/pll_0/inst/plle2_adv_inst/CLKOUT0
                         net (fo=1, routed)           0.497     9.030    system_i/pll_0/inst/clk_out1_system_pll_0_0
    BUFGCTRL_X0Y0        BUFG (Prop_bufg_I_O)         0.026     9.056 r  system_i/pll_0/inst/clkout1_buf/O
                         net (fo=10074, routed)       0.580     9.635    system_i/adc_0/inst/aclk
    ILOGIC_X0Y34         FDRE                                         r  system_i/adc_0/inst/int_dat_a_reg_reg[4]/C
                         clock pessimism              0.000     9.635    
                         clock uncertainty           -0.177     9.458    
    ILOGIC_X0Y34         FDRE (Setup_fdre_C_D)       -0.002     9.456    system_i/adc_0/inst/int_dat_a_reg_reg[4]
  -------------------------------------------------------------------
                         required time                          9.456    
                         arrival time                          -1.486    
  -------------------------------------------------------------------
                         slack                                  7.971    

Slack (MET) :             7.980ns  (required time - arrival time)
  Source:                 adc_dat_a_i[13]
                            (input port clocked by adc_clk_p_i  {rise@0.000ns fall@4.000ns period=8.000ns})
  Destination:            system_i/adc_0/inst/int_dat_a_reg_reg[11]/D
                            (rising edge-triggered cell FDRE clocked by clk_out1_system_pll_0_0  {rise@0.000ns fall@4.000ns period=8.000ns})
  Path Group:             clk_out1_system_pll_0_0
  Path Type:              Setup (Max at Fast Process Corner)
  Requirement:            8.000ns  (clk_out1_system_pll_0_0 rise@8.000ns - adc_clk_p_i rise@0.000ns)
  Data Path Delay:        0.472ns  (logic 0.472ns (100.000%)  route 0.000ns (0.000%))
  Logic Levels:           1  (IBUF=1)
  Input Delay:            1.000ns
  Clock Path Skew:        1.631ns (DCD - SCD + CPR)
    Destination Clock Delay (DCD):    1.631ns = ( 9.631 - 8.000 ) 
    Source Clock Delay      (SCD):    0.000ns
    Clock Pessimism Removal (CPR):    0.000ns
  Clock Uncertainty:      0.177ns  ((TSJ^2 + TIJ^2 + DJ^2)^1/2) / 2 + PE
    Total System Jitter     (TSJ):    0.071ns
    Total Input Jitter      (TIJ):    0.080ns
    Discrete Jitter          (DJ):    0.119ns
    Phase Error              (PE):    0.097ns

    Location             Delay type                Incr(ns)  Path(ns)    Netlist Resource(s)
  -------------------------------------------------------------------    -------------------
                         (clock adc_clk_p_i rise edge)
                                                      0.000     0.000 r  
                         input delay                  1.000     1.000    
    V15                                               0.000     1.000 r  adc_dat_a_i[13] (IN)
                         net (fo=0)                   0.000     1.000    adc_dat_a_i[13]
    V15                  IBUF (Prop_ibuf_I_O)         0.472     1.472 r  adc_dat_a_i_IBUF[13]_inst/O
                         net (fo=1, routed)           0.000     1.472    system_i/adc_0/inst/adc_dat_a[11]
    ILOGIC_X0Y30         FDRE                                         r  system_i/adc_0/inst/int_dat_a_reg_reg[11]/D
  -------------------------------------------------------------------    -------------------

                         (clock clk_out1_system_pll_0_0 rise edge)
                                                      8.000     8.000 r  
    U18                                               0.000     8.000 r  adc_clk_p_i (IN)
                         net (fo=0)                   0.000     8.000    system_i/pll_0/inst/clk_in1_p
    U18                  IBUFDS (Prop_ibufds_I_O)     0.401     8.401 r  system_i/pll_0/inst/clkin1_ibufgds/O
                         net (fo=1, routed)           0.627     9.029    system_i/pll_0/inst/clk_in1_system_pll_0_0_buf
    BUFGCTRL_X0Y4        BUFG (Prop_bufg_I_O)         0.027     9.056 r  system_i/pll_0/inst/clkin1_bufg1/O
                         net (fo=1, routed)           0.551     9.606    system_i/pll_0/inst/clk_in1_system_pll_0_0
    PLLE2_ADV_X0Y0       PLLE2_ADV (Prop_plle2_adv_CLKIN1_CLKOUT0)
                                                     -1.073     8.533 r  system_i/pll_0/inst/plle2_adv_inst/CLKOUT0
                         net (fo=1, routed)           0.497     9.030    system_i/pll_0/inst/clk_out1_system_pll_0_0
    BUFGCTRL_X0Y0        BUFG (Prop_bufg_I_O)         0.026     9.056 r  system_i/pll_0/inst/clkout1_buf/O
                         net (fo=10074, routed)       0.576     9.631    system_i/adc_0/inst/aclk
    ILOGIC_X0Y30         FDRE                                         r  system_i/adc_0/inst/int_dat_a_reg_reg[11]/C
                         clock pessimism              0.000     9.631    
                         clock uncertainty           -0.177     9.454    
    ILOGIC_X0Y30         FDRE (Setup_fdre_C_D)       -0.002     9.452    system_i/adc_0/inst/int_dat_a_reg_reg[11]
  -------------------------------------------------------------------
                         required time                          9.452    
                         arrival time                          -1.472    
  -------------------------------------------------------------------
                         slack                                  7.980    

Slack (MET) :             7.987ns  (required time - arrival time)
  Source:                 adc_dat_a_i[4]
                            (input port clocked by adc_clk_p_i  {rise@0.000ns fall@4.000ns period=8.000ns})
  Destination:            system_i/adc_0/inst/int_dat_a_reg_reg[2]/D
                            (rising edge-triggered cell FDRE clocked by clk_out1_system_pll_0_0  {rise@0.000ns fall@4.000ns period=8.000ns})
  Path Group:             clk_out1_system_pll_0_0
  Path Type:              Setup (Max at Fast Process Corner)
  Requirement:            8.000ns  (clk_out1_system_pll_0_0 rise@8.000ns - adc_clk_p_i rise@0.000ns)
  Data Path Delay:        0.470ns  (logic 0.470ns (100.000%)  route 0.000ns (0.000%))
  Logic Levels:           1  (IBUF=1)
  Input Delay:            1.000ns
  Clock Path Skew:        1.635ns (DCD - SCD + CPR)
    Destination Clock Delay (DCD):    1.635ns = ( 9.635 - 8.000 ) 
    Source Clock Delay      (SCD):    0.000ns
    Clock Pessimism Removal (CPR):    0.000ns
  Clock Uncertainty:      0.177ns  ((TSJ^2 + TIJ^2 + DJ^2)^1/2) / 2 + PE
    Total System Jitter     (TSJ):    0.071ns
    Total Input Jitter      (TIJ):    0.080ns
    Discrete Jitter          (DJ):    0.119ns
    Phase Error              (PE):    0.097ns

    Location             Delay type                Incr(ns)  Path(ns)    Netlist Resource(s)
  -------------------------------------------------------------------    -------------------
                         (clock adc_clk_p_i rise edge)
                                                      0.000     0.000 r  
                         input delay                  1.000     1.000    
    Y16                                               0.000     1.000 r  adc_dat_a_i[4] (IN)
                         net (fo=0)                   0.000     1.000    adc_dat_a_i[4]
    Y16                  IBUF (Prop_ibuf_I_O)         0.470     1.470 r  adc_dat_a_i_IBUF[4]_inst/O
                         net (fo=1, routed)           0.000     1.470    system_i/adc_0/inst/adc_dat_a[2]
    ILOGIC_X0Y36         FDRE                                         r  system_i/adc_0/inst/int_dat_a_reg_reg[2]/D
  -------------------------------------------------------------------    -------------------

                         (clock clk_out1_system_pll_0_0 rise edge)
                                                      8.000     8.000 r  
    U18                                               0.000     8.000 r  adc_clk_p_i (IN)
                         net (fo=0)                   0.000     8.000    system_i/pll_0/inst/clk_in1_p
    U18                  IBUFDS (Prop_ibufds_I_O)     0.401     8.401 r  system_i/pll_0/inst/clkin1_ibufgds/O
                         net (fo=1, routed)           0.627     9.029    system_i/pll_0/inst/clk_in1_system_pll_0_0_buf
    BUFGCTRL_X0Y4        BUFG (Prop_bufg_I_O)         0.027     9.056 r  system_i/pll_0/inst/clkin1_bufg1/O
                         net (fo=1, routed)           0.551     9.606    system_i/pll_0/inst/clk_in1_system_pll_0_0
    PLLE2_ADV_X0Y0       PLLE2_ADV (Prop_plle2_adv_CLKIN1_CLKOUT0)
                                                     -1.073     8.533 r  system_i/pll_0/inst/plle2_adv_inst/CLKOUT0
                         net (fo=1, routed)           0.497     9.030    system_i/pll_0/inst/clk_out1_system_pll_0_0
    BUFGCTRL_X0Y0        BUFG (Prop_bufg_I_O)         0.026     9.056 r  system_i/pll_0/inst/clkout1_buf/O
                         net (fo=10074, routed)       0.580     9.635    system_i/adc_0/inst/aclk
    ILOGIC_X0Y36         FDRE                                         r  system_i/adc_0/inst/int_dat_a_reg_reg[2]/C
                         clock pessimism              0.000     9.635    
                         clock uncertainty           -0.177     9.458    
    ILOGIC_X0Y36         FDRE (Setup_fdre_C_D)       -0.002     9.456    system_i/adc_0/inst/int_dat_a_reg_reg[2]
  -------------------------------------------------------------------
                         required time                          9.456    
                         arrival time                          -1.470    
  -------------------------------------------------------------------
                         slack                                  7.987    

Slack (MET) :             7.987ns  (required time - arrival time)
  Source:                 adc_dat_a_i[5]
                            (input port clocked by adc_clk_p_i  {rise@0.000ns fall@4.000ns period=8.000ns})
  Destination:            system_i/adc_0/inst/int_dat_a_reg_reg[3]/D
                            (rising edge-triggered cell FDRE clocked by clk_out1_system_pll_0_0  {rise@0.000ns fall@4.000ns period=8.000ns})
  Path Group:             clk_out1_system_pll_0_0
  Path Type:              Setup (Max at Fast Process Corner)
  Requirement:            8.000ns  (clk_out1_system_pll_0_0 rise@8.000ns - adc_clk_p_i rise@0.000ns)
  Data Path Delay:        0.465ns  (logic 0.465ns (100.000%)  route 0.000ns (0.000%))
  Logic Levels:           1  (IBUF=1)
  Input Delay:            1.000ns
  Clock Path Skew:        1.631ns (DCD - SCD + CPR)
    Destination Clock Delay (DCD):    1.631ns = ( 9.631 - 8.000 ) 
    Source Clock Delay      (SCD):    0.000ns
    Clock Pessimism Removal (CPR):    0.000ns
  Clock Uncertainty:      0.177ns  ((TSJ^2 + TIJ^2 + DJ^2)^1/2) / 2 + PE
    Total System Jitter     (TSJ):    0.071ns
    Total Input Jitter      (TIJ):    0.080ns
    Discrete Jitter          (DJ):    0.119ns
    Phase Error              (PE):    0.097ns

    Location             Delay type                Incr(ns)  Path(ns)    Netlist Resource(s)
  -------------------------------------------------------------------    -------------------
                         (clock adc_clk_p_i rise edge)
                                                      0.000     0.000 r  
                         input delay                  1.000     1.000    
    W15                                               0.000     1.000 r  adc_dat_a_i[5] (IN)
                         net (fo=0)                   0.000     1.000    adc_dat_a_i[5]
    W15                  IBUF (Prop_ibuf_I_O)         0.465     1.465 r  adc_dat_a_i_IBUF[5]_inst/O
                         net (fo=1, routed)           0.000     1.465    system_i/adc_0/inst/adc_dat_a[3]
    ILOGIC_X0Y29         FDRE                                         r  system_i/adc_0/inst/int_dat_a_reg_reg[3]/D
  -------------------------------------------------------------------    -------------------

                         (clock clk_out1_system_pll_0_0 rise edge)
                                                      8.000     8.000 r  
    U18                                               0.000     8.000 r  adc_clk_p_i (IN)
                         net (fo=0)                   0.000     8.000    system_i/pll_0/inst/clk_in1_p
    U18                  IBUFDS (Prop_ibufds_I_O)     0.401     8.401 r  system_i/pll_0/inst/clkin1_ibufgds/O
                         net (fo=1, routed)           0.627     9.029    system_i/pll_0/inst/clk_in1_system_pll_0_0_buf
    BUFGCTRL_X0Y4        BUFG (Prop_bufg_I_O)         0.027     9.056 r  system_i/pll_0/inst/clkin1_bufg1/O
                         net (fo=1, routed)           0.551     9.606    system_i/pll_0/inst/clk_in1_system_pll_0_0
    PLLE2_ADV_X0Y0       PLLE2_ADV (Prop_plle2_adv_CLKIN1_CLKOUT0)
                                                     -1.073     8.533 r  system_i/pll_0/inst/plle2_adv_inst/CLKOUT0
                         net (fo=1, routed)           0.497     9.030    system_i/pll_0/inst/clk_out1_system_pll_0_0
    BUFGCTRL_X0Y0        BUFG (Prop_bufg_I_O)         0.026     9.056 r  system_i/pll_0/inst/clkout1_buf/O
                         net (fo=10074, routed)       0.576     9.631    system_i/adc_0/inst/aclk
    ILOGIC_X0Y29         FDRE                                         r  system_i/adc_0/inst/int_dat_a_reg_reg[3]/C
                         clock pessimism              0.000     9.631    
                         clock uncertainty           -0.177     9.454    
    ILOGIC_X0Y29         FDRE (Setup_fdre_C_D)       -0.002     9.452    system_i/adc_0/inst/int_dat_a_reg_reg[3]
  -------------------------------------------------------------------
                         required time                          9.452    
                         arrival time                          -1.465    
  -------------------------------------------------------------------
                         slack                                  7.987    

Slack (MET) :             7.993ns  (required time - arrival time)
  Source:                 adc_dat_a_i[2]
                            (input port clocked by adc_clk_p_i  {rise@0.000ns fall@4.000ns period=8.000ns})
  Destination:            system_i/adc_0/inst/int_dat_a_reg_reg[0]/D
                            (rising edge-triggered cell FDRE clocked by clk_out1_system_pll_0_0  {rise@0.000ns fall@4.000ns period=8.000ns})
  Path Group:             clk_out1_system_pll_0_0
  Path Type:              Setup (Max at Fast Process Corner)
  Requirement:            8.000ns  (clk_out1_system_pll_0_0 rise@8.000ns - adc_clk_p_i rise@0.000ns)
  Data Path Delay:        0.463ns  (logic 0.463ns (100.000%)  route 0.000ns (0.000%))
  Logic Levels:           1  (IBUF=1)
  Input Delay:            1.000ns
  Clock Path Skew:        1.635ns (DCD - SCD + CPR)
    Destination Clock Delay (DCD):    1.635ns = ( 9.635 - 8.000 ) 
    Source Clock Delay      (SCD):    0.000ns
    Clock Pessimism Removal (CPR):    0.000ns
  Clock Uncertainty:      0.177ns  ((TSJ^2 + TIJ^2 + DJ^2)^1/2) / 2 + PE
    Total System Jitter     (TSJ):    0.071ns
    Total Input Jitter      (TIJ):    0.080ns
    Discrete Jitter          (DJ):    0.119ns
    Phase Error              (PE):    0.097ns

    Location             Delay type                Incr(ns)  Path(ns)    Netlist Resource(s)
  -------------------------------------------------------------------    -------------------
                         (clock adc_clk_p_i rise edge)
                                                      0.000     0.000 r  
                         input delay                  1.000     1.000    
    Y17                                               0.000     1.000 r  adc_dat_a_i[2] (IN)
                         net (fo=0)                   0.000     1.000    adc_dat_a_i[2]
    Y17                  IBUF (Prop_ibuf_I_O)         0.463     1.463 r  adc_dat_a_i_IBUF[2]_inst/O
                         net (fo=1, routed)           0.000     1.463    system_i/adc_0/inst/adc_dat_a[0]
    ILOGIC_X0Y35         FDRE                                         r  system_i/adc_0/inst/int_dat_a_reg_reg[0]/D
  -------------------------------------------------------------------    -------------------

                         (clock clk_out1_system_pll_0_0 rise edge)
                                                      8.000     8.000 r  
    U18                                               0.000     8.000 r  adc_clk_p_i (IN)
                         net (fo=0)                   0.000     8.000    system_i/pll_0/inst/clk_in1_p
    U18                  IBUFDS (Prop_ibufds_I_O)     0.401     8.401 r  system_i/pll_0/inst/clkin1_ibufgds/O
                         net (fo=1, routed)           0.627     9.029    system_i/pll_0/inst/clk_in1_system_pll_0_0_buf
    BUFGCTRL_X0Y4        BUFG (Prop_bufg_I_O)         0.027     9.056 r  system_i/pll_0/inst/clkin1_bufg1/O
                         net (fo=1, routed)           0.551     9.606    system_i/pll_0/inst/clk_in1_system_pll_0_0
    PLLE2_ADV_X0Y0       PLLE2_ADV (Prop_plle2_adv_CLKIN1_CLKOUT0)
                                                     -1.073     8.533 r  system_i/pll_0/inst/plle2_adv_inst/CLKOUT0
                         net (fo=1, routed)           0.497     9.030    system_i/pll_0/inst/clk_out1_system_pll_0_0
    BUFGCTRL_X0Y0        BUFG (Prop_bufg_I_O)         0.026     9.056 r  system_i/pll_0/inst/clkout1_buf/O
                         net (fo=10074, routed)       0.580     9.635    system_i/adc_0/inst/aclk
    ILOGIC_X0Y35         FDRE                                         r  system_i/adc_0/inst/int_dat_a_reg_reg[0]/C
                         clock pessimism              0.000     9.635    
                         clock uncertainty           -0.177     9.458    
    ILOGIC_X0Y35         FDRE (Setup_fdre_C_D)       -0.002     9.456    system_i/adc_0/inst/int_dat_a_reg_reg[0]
  -------------------------------------------------------------------
                         required time                          9.456    
                         arrival time                          -1.463    
  -------------------------------------------------------------------
                         slack                                  7.993    

Slack (MET) :             8.016ns  (required time - arrival time)
  Source:                 adc_dat_a_i[8]
                            (input port clocked by adc_clk_p_i  {rise@0.000ns fall@4.000ns period=8.000ns})
  Destination:            system_i/adc_0/inst/int_dat_a_reg_reg[6]/D
                            (rising edge-triggered cell FDRE clocked by clk_out1_system_pll_0_0  {rise@0.000ns fall@4.000ns period=8.000ns})
  Path Group:             clk_out1_system_pll_0_0
  Path Type:              Setup (Max at Fast Process Corner)
  Requirement:            8.000ns  (clk_out1_system_pll_0_0 rise@8.000ns - adc_clk_p_i rise@0.000ns)
  Data Path Delay:        0.442ns  (logic 0.442ns (100.000%)  route 0.000ns (0.000%))
  Logic Levels:           1  (IBUF=1)
  Input Delay:            1.000ns
  Clock Path Skew:        1.637ns (DCD - SCD + CPR)
    Destination Clock Delay (DCD):    1.637ns = ( 9.637 - 8.000 ) 
    Source Clock Delay      (SCD):    0.000ns
    Clock Pessimism Removal (CPR):    0.000ns
  Clock Uncertainty:      0.177ns  ((TSJ^2 + TIJ^2 + DJ^2)^1/2) / 2 + PE
    Total System Jitter     (TSJ):    0.071ns
    Total Input Jitter      (TIJ):    0.080ns
    Discrete Jitter          (DJ):    0.119ns
    Phase Error              (PE):    0.097ns

    Location             Delay type                Incr(ns)  Path(ns)    Netlist Resource(s)
  -------------------------------------------------------------------    -------------------
                         (clock adc_clk_p_i rise edge)
                                                      0.000     0.000 r  
                         input delay                  1.000     1.000    
    W13                                               0.000     1.000 r  adc_dat_a_i[8] (IN)
                         net (fo=0)                   0.000     1.000    adc_dat_a_i[8]
    W13                  IBUF (Prop_ibuf_I_O)         0.442     1.442 r  adc_dat_a_i_IBUF[8]_inst/O
                         net (fo=1, routed)           0.000     1.442    system_i/adc_0/inst/adc_dat_a[6]
    ILOGIC_X0Y41         FDRE                                         r  system_i/adc_0/inst/int_dat_a_reg_reg[6]/D
  -------------------------------------------------------------------    -------------------

                         (clock clk_out1_system_pll_0_0 rise edge)
                                                      8.000     8.000 r  
    U18                                               0.000     8.000 r  adc_clk_p_i (IN)
                         net (fo=0)                   0.000     8.000    system_i/pll_0/inst/clk_in1_p
    U18                  IBUFDS (Prop_ibufds_I_O)     0.401     8.401 r  system_i/pll_0/inst/clkin1_ibufgds/O
                         net (fo=1, routed)           0.627     9.029    system_i/pll_0/inst/clk_in1_system_pll_0_0_buf
    BUFGCTRL_X0Y4        BUFG (Prop_bufg_I_O)         0.027     9.056 r  system_i/pll_0/inst/clkin1_bufg1/O
                         net (fo=1, routed)           0.551     9.606    system_i/pll_0/inst/clk_in1_system_pll_0_0
    PLLE2_ADV_X0Y0       PLLE2_ADV (Prop_plle2_adv_CLKIN1_CLKOUT0)
                                                     -1.073     8.533 r  system_i/pll_0/inst/plle2_adv_inst/CLKOUT0
                         net (fo=1, routed)           0.497     9.030    system_i/pll_0/inst/clk_out1_system_pll_0_0
    BUFGCTRL_X0Y0        BUFG (Prop_bufg_I_O)         0.026     9.056 r  system_i/pll_0/inst/clkout1_buf/O
                         net (fo=10074, routed)       0.582     9.637    system_i/adc_0/inst/aclk
    ILOGIC_X0Y41         FDRE                                         r  system_i/adc_0/inst/int_dat_a_reg_reg[6]/C
                         clock pessimism              0.000     9.637    
                         clock uncertainty           -0.177     9.460    
    ILOGIC_X0Y41         FDRE (Setup_fdre_C_D)       -0.002     9.458    system_i/adc_0/inst/int_dat_a_reg_reg[6]
  -------------------------------------------------------------------
                         required time                          9.458    
                         arrival time                          -1.442    
  -------------------------------------------------------------------
                         slack                                  8.016    

Slack (MET) :             8.023ns  (required time - arrival time)
  Source:                 adc_dat_a_i[9]
                            (input port clocked by adc_clk_p_i  {rise@0.000ns fall@4.000ns period=8.000ns})
  Destination:            system_i/adc_0/inst/int_dat_a_reg_reg[7]/D
                            (rising edge-triggered cell FDRE clocked by clk_out1_system_pll_0_0  {rise@0.000ns fall@4.000ns period=8.000ns})
  Path Group:             clk_out1_system_pll_0_0
  Path Type:              Setup (Max at Fast Process Corner)
  Requirement:            8.000ns  (clk_out1_system_pll_0_0 rise@8.000ns - adc_clk_p_i rise@0.000ns)
  Data Path Delay:        0.435ns  (logic 0.435ns (100.000%)  route 0.000ns (0.000%))
  Logic Levels:           1  (IBUF=1)
  Input Delay:            1.000ns
  Clock Path Skew:        1.637ns (DCD - SCD + CPR)
    Destination Clock Delay (DCD):    1.637ns = ( 9.637 - 8.000 ) 
    Source Clock Delay      (SCD):    0.000ns
    Clock Pessimism Removal (CPR):    0.000ns
  Clock Uncertainty:      0.177ns  ((TSJ^2 + TIJ^2 + DJ^2)^1/2) / 2 + PE
    Total System Jitter     (TSJ):    0.071ns
    Total Input Jitter      (TIJ):    0.080ns
    Discrete Jitter          (DJ):    0.119ns
    Phase Error              (PE):    0.097ns

    Location             Delay type                Incr(ns)  Path(ns)    Netlist Resource(s)
  -------------------------------------------------------------------    -------------------
                         (clock adc_clk_p_i rise edge)
                                                      0.000     0.000 r  
                         input delay                  1.000     1.000    
    V12                                               0.000     1.000 r  adc_dat_a_i[9] (IN)
                         net (fo=0)                   0.000     1.000    adc_dat_a_i[9]
    V12                  IBUF (Prop_ibuf_I_O)         0.435     1.435 r  adc_dat_a_i_IBUF[9]_inst/O
                         net (fo=1, routed)           0.000     1.435    system_i/adc_0/inst/adc_dat_a[7]
    ILOGIC_X0Y42         FDRE                                         r  system_i/adc_0/inst/int_dat_a_reg_reg[7]/D
  -------------------------------------------------------------------    -------------------

                         (clock clk_out1_system_pll_0_0 rise edge)
                                                      8.000     8.000 r  
    U18                                               0.000     8.000 r  adc_clk_p_i (IN)
                         net (fo=0)                   0.000     8.000    system_i/pll_0/inst/clk_in1_p
    U18                  IBUFDS (Prop_ibufds_I_O)     0.401     8.401 r  system_i/pll_0/inst/clkin1_ibufgds/O
                         net (fo=1, routed)           0.627     9.029    system_i/pll_0/inst/clk_in1_system_pll_0_0_buf
    BUFGCTRL_X0Y4        BUFG (Prop_bufg_I_O)         0.027     9.056 r  system_i/pll_0/inst/clkin1_bufg1/O
                         net (fo=1, routed)           0.551     9.606    system_i/pll_0/inst/clk_in1_system_pll_0_0
    PLLE2_ADV_X0Y0       PLLE2_ADV (Prop_plle2_adv_CLKIN1_CLKOUT0)
                                                     -1.073     8.533 r  system_i/pll_0/inst/plle2_adv_inst/CLKOUT0
                         net (fo=1, routed)           0.497     9.030    system_i/pll_0/inst/clk_out1_system_pll_0_0
    BUFGCTRL_X0Y0        BUFG (Prop_bufg_I_O)         0.026     9.056 r  system_i/pll_0/inst/clkout1_buf/O
                         net (fo=10074, routed)       0.582     9.637    system_i/adc_0/inst/aclk
    ILOGIC_X0Y42         FDRE                                         r  system_i/adc_0/inst/int_dat_a_reg_reg[7]/C
                         clock pessimism              0.000     9.637    
                         clock uncertainty           -0.177     9.460    
    ILOGIC_X0Y42         FDRE (Setup_fdre_C_D)       -0.002     9.458    system_i/adc_0/inst/int_dat_a_reg_reg[7]
  -------------------------------------------------------------------
                         required time                          9.458    
                         arrival time                          -1.435    
  -------------------------------------------------------------------
                         slack                                  8.023    

Slack (MET) :             8.023ns  (required time - arrival time)
  Source:                 adc_dat_a_i[14]
                            (input port clocked by adc_clk_p_i  {rise@0.000ns fall@4.000ns period=8.000ns})
  Destination:            system_i/adc_0/inst/int_dat_a_reg_reg[12]/D
                            (rising edge-triggered cell FDRE clocked by clk_out1_system_pll_0_0  {rise@0.000ns fall@4.000ns period=8.000ns})
  Path Group:             clk_out1_system_pll_0_0
  Path Type:              Setup (Max at Fast Process Corner)
  Requirement:            8.000ns  (clk_out1_system_pll_0_0 rise@8.000ns - adc_clk_p_i rise@0.000ns)
  Data Path Delay:        0.431ns  (logic 0.431ns (100.000%)  route 0.000ns (0.000%))
  Logic Levels:           1  (IBUF=1)
  Input Delay:            1.000ns
  Clock Path Skew:        1.633ns (DCD - SCD + CPR)
    Destination Clock Delay (DCD):    1.633ns = ( 9.633 - 8.000 ) 
    Source Clock Delay      (SCD):    0.000ns
    Clock Pessimism Removal (CPR):    0.000ns
  Clock Uncertainty:      0.177ns  ((TSJ^2 + TIJ^2 + DJ^2)^1/2) / 2 + PE
    Total System Jitter     (TSJ):    0.071ns
    Total Input Jitter      (TIJ):    0.080ns
    Discrete Jitter          (DJ):    0.119ns
    Phase Error              (PE):    0.097ns

    Location             Delay type                Incr(ns)  Path(ns)    Netlist Resource(s)
  -------------------------------------------------------------------    -------------------
                         (clock adc_clk_p_i rise edge)
                                                      0.000     0.000 r  
                         input delay                  1.000     1.000    
    T16                                               0.000     1.000 r  adc_dat_a_i[14] (IN)
                         net (fo=0)                   0.000     1.000    adc_dat_a_i[14]
    T16                  IBUF (Prop_ibuf_I_O)         0.431     1.431 r  adc_dat_a_i_IBUF[14]_inst/O
                         net (fo=1, routed)           0.000     1.431    system_i/adc_0/inst/adc_dat_a[12]
    ILOGIC_X0Y32         FDRE                                         r  system_i/adc_0/inst/int_dat_a_reg_reg[12]/D
  -------------------------------------------------------------------    -------------------

                         (clock clk_out1_system_pll_0_0 rise edge)
                                                      8.000     8.000 r  
    U18                                               0.000     8.000 r  adc_clk_p_i (IN)
                         net (fo=0)                   0.000     8.000    system_i/pll_0/inst/clk_in1_p
    U18                  IBUFDS (Prop_ibufds_I_O)     0.401     8.401 r  system_i/pll_0/inst/clkin1_ibufgds/O
                         net (fo=1, routed)           0.627     9.029    system_i/pll_0/inst/clk_in1_system_pll_0_0_buf
    BUFGCTRL_X0Y4        BUFG (Prop_bufg_I_O)         0.027     9.056 r  system_i/pll_0/inst/clkin1_bufg1/O
                         net (fo=1, routed)           0.551     9.606    system_i/pll_0/inst/clk_in1_system_pll_0_0
    PLLE2_ADV_X0Y0       PLLE2_ADV (Prop_plle2_adv_CLKIN1_CLKOUT0)
                                                     -1.073     8.533 r  system_i/pll_0/inst/plle2_adv_inst/CLKOUT0
                         net (fo=1, routed)           0.497     9.030    system_i/pll_0/inst/clk_out1_system_pll_0_0
    BUFGCTRL_X0Y0        BUFG (Prop_bufg_I_O)         0.026     9.056 r  system_i/pll_0/inst/clkout1_buf/O
                         net (fo=10074, routed)       0.578     9.633    system_i/adc_0/inst/aclk
    ILOGIC_X0Y32         FDRE                                         r  system_i/adc_0/inst/int_dat_a_reg_reg[12]/C
                         clock pessimism              0.000     9.633    
                         clock uncertainty           -0.177     9.456    
    ILOGIC_X0Y32         FDRE (Setup_fdre_C_D)       -0.002     9.454    system_i/adc_0/inst/int_dat_a_reg_reg[12]
  -------------------------------------------------------------------
                         required time                          9.454    
                         arrival time                          -1.431    
  -------------------------------------------------------------------
                         slack                                  8.023    

Slack (MET) :             8.036ns  (required time - arrival time)
  Source:                 adc_dat_a_i[10]
                            (input port clocked by adc_clk_p_i  {rise@0.000ns fall@4.000ns period=8.000ns})
  Destination:            system_i/adc_0/inst/int_dat_a_reg_reg[8]/D
                            (rising edge-triggered cell FDRE clocked by clk_out1_system_pll_0_0  {rise@0.000ns fall@4.000ns period=8.000ns})
  Path Group:             clk_out1_system_pll_0_0
  Path Type:              Setup (Max at Fast Process Corner)
  Requirement:            8.000ns  (clk_out1_system_pll_0_0 rise@8.000ns - adc_clk_p_i rise@0.000ns)
  Data Path Delay:        0.422ns  (logic 0.422ns (100.000%)  route 0.000ns (0.000%))
  Logic Levels:           1  (IBUF=1)
  Input Delay:            1.000ns
  Clock Path Skew:        1.637ns (DCD - SCD + CPR)
    Destination Clock Delay (DCD):    1.637ns = ( 9.637 - 8.000 ) 
    Source Clock Delay      (SCD):    0.000ns
    Clock Pessimism Removal (CPR):    0.000ns
  Clock Uncertainty:      0.177ns  ((TSJ^2 + TIJ^2 + DJ^2)^1/2) / 2 + PE
    Total System Jitter     (TSJ):    0.071ns
    Total Input Jitter      (TIJ):    0.080ns
    Discrete Jitter          (DJ):    0.119ns
    Phase Error              (PE):    0.097ns

    Location             Delay type                Incr(ns)  Path(ns)    Netlist Resource(s)
  -------------------------------------------------------------------    -------------------
                         (clock adc_clk_p_i rise edge)
                                                      0.000     0.000 r  
                         input delay                  1.000     1.000    
    V13                                               0.000     1.000 r  adc_dat_a_i[10] (IN)
                         net (fo=0)                   0.000     1.000    adc_dat_a_i[10]
    V13                  IBUF (Prop_ibuf_I_O)         0.422     1.422 r  adc_dat_a_i_IBUF[10]_inst/O
                         net (fo=1, routed)           0.000     1.422    system_i/adc_0/inst/adc_dat_a[8]
    ILOGIC_X0Y43         FDRE                                         r  system_i/adc_0/inst/int_dat_a_reg_reg[8]/D
  -------------------------------------------------------------------    -------------------

                         (clock clk_out1_system_pll_0_0 rise edge)
                                                      8.000     8.000 r  
    U18                                               0.000     8.000 r  adc_clk_p_i (IN)
                         net (fo=0)                   0.000     8.000    system_i/pll_0/inst/clk_in1_p
    U18                  IBUFDS (Prop_ibufds_I_O)     0.401     8.401 r  system_i/pll_0/inst/clkin1_ibufgds/O
                         net (fo=1, routed)           0.627     9.029    system_i/pll_0/inst/clk_in1_system_pll_0_0_buf
    BUFGCTRL_X0Y4        BUFG (Prop_bufg_I_O)         0.027     9.056 r  system_i/pll_0/inst/clkin1_bufg1/O
                         net (fo=1, routed)           0.551     9.606    system_i/pll_0/inst/clk_in1_system_pll_0_0
    PLLE2_ADV_X0Y0       PLLE2_ADV (Prop_plle2_adv_CLKIN1_CLKOUT0)
                                                     -1.073     8.533 r  system_i/pll_0/inst/plle2_adv_inst/CLKOUT0
                         net (fo=1, routed)           0.497     9.030    system_i/pll_0/inst/clk_out1_system_pll_0_0
    BUFGCTRL_X0Y0        BUFG (Prop_bufg_I_O)         0.026     9.056 r  system_i/pll_0/inst/clkout1_buf/O
                         net (fo=10074, routed)       0.582     9.637    system_i/adc_0/inst/aclk
    ILOGIC_X0Y43         FDRE                                         r  system_i/adc_0/inst/int_dat_a_reg_reg[8]/C
                         clock pessimism              0.000     9.637    
                         clock uncertainty           -0.177     9.460    
    ILOGIC_X0Y43         FDRE (Setup_fdre_C_D)       -0.002     9.458    system_i/adc_0/inst/int_dat_a_reg_reg[8]
  -------------------------------------------------------------------
                         required time                          9.458    
                         arrival time                          -1.422    
  -------------------------------------------------------------------
                         slack                                  8.036    





--------------------------------------------------------------------------------------
Path Group:  (none)
From Clock:  clk_out1_system_pll_0_0
  To Clock:  

Max Delay            16 Endpoints
Min Delay            16 Endpoints
--------------------------------------------------------------------------------------


Max Delay Paths
--------------------------------------------------------------------------------------
Slack:                    inf
  Source:                 system_i/dac_0/inst/DAC_DAT[0].ODDR_inst/C
                            (falling edge-triggered cell ODDR clocked by clk_out1_system_pll_0_0  {rise@0.000ns fall@4.000ns period=8.000ns})
  Destination:            dac_dat_o[0]
                            (output port)
  Path Group:             (none)
  Path Type:              Max at Slow Process Corner
  Data Path Delay:        3.730ns  (logic 3.729ns (99.973%)  route 0.001ns (0.027%))
  Logic Levels:           1  (OBUF=1)
  Clock Uncertainty:      0.162ns  ((TSJ^2 + DJ^2)^1/2) / 2 + PE
    Total System Jitter     (TSJ):    0.050ns
    Discrete Jitter          (DJ):    0.119ns
    Phase Error              (PE):    0.097ns

    Location             Delay type                Incr(ns)  Path(ns)    Netlist Resource(s)
  -------------------------------------------------------------------    -------------------
                         (clock clk_out1_system_pll_0_0 fall edge)
                                                      4.000     4.000 f  
    U18                                               0.000     4.000 f  adc_clk_p_i (IN)
                         net (fo=0)                   0.000     4.000    system_i/pll_0/inst/clk_in1_p
    U18                  IBUFDS (Prop_ibufds_I_O)     0.983     4.983 f  system_i/pll_0/inst/clkin1_ibufgds/O
                         net (fo=1, routed)           2.076     7.059    system_i/pll_0/inst/clk_in1_system_pll_0_0_buf
    BUFGCTRL_X0Y4        BUFG (Prop_bufg_I_O)         0.102     7.161 f  system_i/pll_0/inst/clkin1_bufg1/O
                         net (fo=1, routed)           1.702     8.863    system_i/pll_0/inst/clk_in1_system_pll_0_0
    PLLE2_ADV_X0Y0       PLLE2_ADV (Prop_plle2_adv_CLKIN1_CLKOUT0)
                                                     -3.557     5.306 f  system_i/pll_0/inst/plle2_adv_inst/CLKOUT0
                         net (fo=1, routed)           1.754     7.060    system_i/pll_0/inst/clk_out1_system_pll_0_0
    BUFGCTRL_X0Y0        BUFG (Prop_bufg_I_O)         0.101     7.161 f  system_i/pll_0/inst/clkout1_buf/O
                         net (fo=10074, routed)       1.759     8.921    system_i/dac_0/inst/aclk
    OLOGIC_X0Y86         ODDR                                         f  system_i/dac_0/inst/DAC_DAT[0].ODDR_inst/C
  -------------------------------------------------------------------    -------------------
    OLOGIC_X0Y86         ODDR (Prop_oddr_C_Q)         0.472     9.393 r  system_i/dac_0/inst/DAC_DAT[0].ODDR_inst/Q
                         net (fo=1, routed)           0.001     9.394    dac_dat_o_OBUF[0]
    M19                  OBUF (Prop_obuf_I_O)         3.257    12.650 r  dac_dat_o_OBUF[0]_inst/O
                         net (fo=0)                   0.000    12.650    dac_dat_o[0]
    M19                                                               r  dac_dat_o[0] (OUT)
  -------------------------------------------------------------------    -------------------

Slack:                    inf
  Source:                 system_i/dac_0/inst/DAC_DAT[1].ODDR_inst/C
                            (falling edge-triggered cell ODDR clocked by clk_out1_system_pll_0_0  {rise@0.000ns fall@4.000ns period=8.000ns})
  Destination:            dac_dat_o[1]
                            (output port)
  Path Group:             (none)
  Path Type:              Max at Slow Process Corner
  Data Path Delay:        3.720ns  (logic 3.719ns (99.973%)  route 0.001ns (0.027%))
  Logic Levels:           1  (OBUF=1)
  Clock Uncertainty:      0.162ns  ((TSJ^2 + DJ^2)^1/2) / 2 + PE
    Total System Jitter     (TSJ):    0.050ns
    Discrete Jitter          (DJ):    0.119ns
    Phase Error              (PE):    0.097ns

    Location             Delay type                Incr(ns)  Path(ns)    Netlist Resource(s)
  -------------------------------------------------------------------    -------------------
                         (clock clk_out1_system_pll_0_0 fall edge)
                                                      4.000     4.000 f  
    U18                                               0.000     4.000 f  adc_clk_p_i (IN)
                         net (fo=0)                   0.000     4.000    system_i/pll_0/inst/clk_in1_p
    U18                  IBUFDS (Prop_ibufds_I_O)     0.983     4.983 f  system_i/pll_0/inst/clkin1_ibufgds/O
                         net (fo=1, routed)           2.076     7.059    system_i/pll_0/inst/clk_in1_system_pll_0_0_buf
    BUFGCTRL_X0Y4        BUFG (Prop_bufg_I_O)         0.102     7.161 f  system_i/pll_0/inst/clkin1_bufg1/O
                         net (fo=1, routed)           1.702     8.863    system_i/pll_0/inst/clk_in1_system_pll_0_0
    PLLE2_ADV_X0Y0       PLLE2_ADV (Prop_plle2_adv_CLKIN1_CLKOUT0)
                                                     -3.557     5.306 f  system_i/pll_0/inst/plle2_adv_inst/CLKOUT0
                         net (fo=1, routed)           1.754     7.060    system_i/pll_0/inst/clk_out1_system_pll_0_0
    BUFGCTRL_X0Y0        BUFG (Prop_bufg_I_O)         0.101     7.161 f  system_i/pll_0/inst/clkout1_buf/O
                         net (fo=10074, routed)       1.759     8.921    system_i/dac_0/inst/aclk
    OLOGIC_X0Y85         ODDR                                         f  system_i/dac_0/inst/DAC_DAT[1].ODDR_inst/C
  -------------------------------------------------------------------    -------------------
    OLOGIC_X0Y85         ODDR (Prop_oddr_C_Q)         0.472     9.393 r  system_i/dac_0/inst/DAC_DAT[1].ODDR_inst/Q
                         net (fo=1, routed)           0.001     9.394    dac_dat_o_OBUF[1]
    M20                  OBUF (Prop_obuf_I_O)         3.247    12.641 r  dac_dat_o_OBUF[1]_inst/O
                         net (fo=0)                   0.000    12.641    dac_dat_o[1]
    M20                                                               r  dac_dat_o[1] (OUT)
  -------------------------------------------------------------------    -------------------

Slack:                    inf
  Source:                 system_i/dac_0/inst/DAC_DAT[3].ODDR_inst/C
                            (falling edge-triggered cell ODDR clocked by clk_out1_system_pll_0_0  {rise@0.000ns fall@4.000ns period=8.000ns})
  Destination:            dac_dat_o[3]
                            (output port)
  Path Group:             (none)
  Path Type:              Max at Slow Process Corner
  Data Path Delay:        3.695ns  (logic 3.694ns (99.973%)  route 0.001ns (0.027%))
  Logic Levels:           1  (OBUF=1)
  Clock Uncertainty:      0.162ns  ((TSJ^2 + DJ^2)^1/2) / 2 + PE
    Total System Jitter     (TSJ):    0.050ns
    Discrete Jitter          (DJ):    0.119ns
    Phase Error              (PE):    0.097ns

    Location             Delay type                Incr(ns)  Path(ns)    Netlist Resource(s)
  -------------------------------------------------------------------    -------------------
                         (clock clk_out1_system_pll_0_0 fall edge)
                                                      4.000     4.000 f  
    U18                                               0.000     4.000 f  adc_clk_p_i (IN)
                         net (fo=0)                   0.000     4.000    system_i/pll_0/inst/clk_in1_p
    U18                  IBUFDS (Prop_ibufds_I_O)     0.983     4.983 f  system_i/pll_0/inst/clkin1_ibufgds/O
                         net (fo=1, routed)           2.076     7.059    system_i/pll_0/inst/clk_in1_system_pll_0_0_buf
    BUFGCTRL_X0Y4        BUFG (Prop_bufg_I_O)         0.102     7.161 f  system_i/pll_0/inst/clkin1_bufg1/O
                         net (fo=1, routed)           1.702     8.863    system_i/pll_0/inst/clk_in1_system_pll_0_0
    PLLE2_ADV_X0Y0       PLLE2_ADV (Prop_plle2_adv_CLKIN1_CLKOUT0)
                                                     -3.557     5.306 f  system_i/pll_0/inst/plle2_adv_inst/CLKOUT0
                         net (fo=1, routed)           1.754     7.060    system_i/pll_0/inst/clk_out1_system_pll_0_0
    BUFGCTRL_X0Y0        BUFG (Prop_bufg_I_O)         0.101     7.161 f  system_i/pll_0/inst/clkout1_buf/O
                         net (fo=10074, routed)       1.755     8.917    system_i/dac_0/inst/aclk
    OLOGIC_X0Y81         ODDR                                         f  system_i/dac_0/inst/DAC_DAT[3].ODDR_inst/C
  -------------------------------------------------------------------    -------------------
    OLOGIC_X0Y81         ODDR (Prop_oddr_C_Q)         0.472     9.389 r  system_i/dac_0/inst/DAC_DAT[3].ODDR_inst/Q
                         net (fo=1, routed)           0.001     9.390    dac_dat_o_OBUF[3]
    L20                  OBUF (Prop_obuf_I_O)         3.222    12.611 r  dac_dat_o_OBUF[3]_inst/O
                         net (fo=0)                   0.000    12.611    dac_dat_o[3]
    L20                                                               r  dac_dat_o[3] (OUT)
  -------------------------------------------------------------------    -------------------

Slack:                    inf
  Source:                 system_i/dac_0/inst/DAC_DAT[2].ODDR_inst/C
                            (falling edge-triggered cell ODDR clocked by clk_out1_system_pll_0_0  {rise@0.000ns fall@4.000ns period=8.000ns})
  Destination:            dac_dat_o[2]
                            (output port)
  Path Group:             (none)
  Path Type:              Max at Slow Process Corner
  Data Path Delay:        3.693ns  (logic 3.692ns (99.973%)  route 0.001ns (0.027%))
  Logic Levels:           1  (OBUF=1)
  Clock Uncertainty:      0.162ns  ((TSJ^2 + DJ^2)^1/2) / 2 + PE
    Total System Jitter     (TSJ):    0.050ns
    Discrete Jitter          (DJ):    0.119ns
    Phase Error              (PE):    0.097ns

    Location             Delay type                Incr(ns)  Path(ns)    Netlist Resource(s)
  -------------------------------------------------------------------    -------------------
                         (clock clk_out1_system_pll_0_0 fall edge)
                                                      4.000     4.000 f  
    U18                                               0.000     4.000 f  adc_clk_p_i (IN)
                         net (fo=0)                   0.000     4.000    system_i/pll_0/inst/clk_in1_p
    U18                  IBUFDS (Prop_ibufds_I_O)     0.983     4.983 f  system_i/pll_0/inst/clkin1_ibufgds/O
                         net (fo=1, routed)           2.076     7.059    system_i/pll_0/inst/clk_in1_system_pll_0_0_buf
    BUFGCTRL_X0Y4        BUFG (Prop_bufg_I_O)         0.102     7.161 f  system_i/pll_0/inst/clkin1_bufg1/O
                         net (fo=1, routed)           1.702     8.863    system_i/pll_0/inst/clk_in1_system_pll_0_0
    PLLE2_ADV_X0Y0       PLLE2_ADV (Prop_plle2_adv_CLKIN1_CLKOUT0)
                                                     -3.557     5.306 f  system_i/pll_0/inst/plle2_adv_inst/CLKOUT0
                         net (fo=1, routed)           1.754     7.060    system_i/pll_0/inst/clk_out1_system_pll_0_0
    BUFGCTRL_X0Y0        BUFG (Prop_bufg_I_O)         0.101     7.161 f  system_i/pll_0/inst/clkout1_buf/O
                         net (fo=10074, routed)       1.755     8.917    system_i/dac_0/inst/aclk
    OLOGIC_X0Y82         ODDR                                         f  system_i/dac_0/inst/DAC_DAT[2].ODDR_inst/C
  -------------------------------------------------------------------    -------------------
    OLOGIC_X0Y82         ODDR (Prop_oddr_C_Q)         0.472     9.389 r  system_i/dac_0/inst/DAC_DAT[2].ODDR_inst/Q
                         net (fo=1, routed)           0.001     9.390    dac_dat_o_OBUF[2]
    L19                  OBUF (Prop_obuf_I_O)         3.220    12.610 r  dac_dat_o_OBUF[2]_inst/O
                         net (fo=0)                   0.000    12.610    dac_dat_o[2]
    L19                                                               r  dac_dat_o[2] (OUT)
  -------------------------------------------------------------------    -------------------

Slack:                    inf
  Source:                 system_i/dac_0/inst/DAC_DAT[5].ODDR_inst/C
                            (falling edge-triggered cell ODDR clocked by clk_out1_system_pll_0_0  {rise@0.000ns fall@4.000ns period=8.000ns})
  Destination:            dac_dat_o[5]
                            (output port)
  Path Group:             (none)
  Path Type:              Max at Slow Process Corner
  Data Path Delay:        3.675ns  (logic 3.674ns (99.973%)  route 0.001ns (0.027%))
  Logic Levels:           1  (OBUF=1)
  Clock Uncertainty:      0.162ns  ((TSJ^2 + DJ^2)^1/2) / 2 + PE
    Total System Jitter     (TSJ):    0.050ns
    Discrete Jitter          (DJ):    0.119ns
    Phase Error              (PE):    0.097ns

    Location             Delay type                Incr(ns)  Path(ns)    Netlist Resource(s)
  -------------------------------------------------------------------    -------------------
                         (clock clk_out1_system_pll_0_0 fall edge)
                                                      4.000     4.000 f  
    U18                                               0.000     4.000 f  adc_clk_p_i (IN)
                         net (fo=0)                   0.000     4.000    system_i/pll_0/inst/clk_in1_p
    U18                  IBUFDS (Prop_ibufds_I_O)     0.983     4.983 f  system_i/pll_0/inst/clkin1_ibufgds/O
                         net (fo=1, routed)           2.076     7.059    system_i/pll_0/inst/clk_in1_system_pll_0_0_buf
    BUFGCTRL_X0Y4        BUFG (Prop_bufg_I_O)         0.102     7.161 f  system_i/pll_0/inst/clkin1_bufg1/O
                         net (fo=1, routed)           1.702     8.863    system_i/pll_0/inst/clk_in1_system_pll_0_0
    PLLE2_ADV_X0Y0       PLLE2_ADV (Prop_plle2_adv_CLKIN1_CLKOUT0)
                                                     -3.557     5.306 f  system_i/pll_0/inst/plle2_adv_inst/CLKOUT0
                         net (fo=1, routed)           1.754     7.060    system_i/pll_0/inst/clk_out1_system_pll_0_0
    BUFGCTRL_X0Y0        BUFG (Prop_bufg_I_O)         0.101     7.161 f  system_i/pll_0/inst/clkout1_buf/O
                         net (fo=10074, routed)       1.751     8.913    system_i/dac_0/inst/aclk
    OLOGIC_X0Y79         ODDR                                         f  system_i/dac_0/inst/DAC_DAT[5].ODDR_inst/C
  -------------------------------------------------------------------    -------------------
    OLOGIC_X0Y79         ODDR (Prop_oddr_C_Q)         0.472     9.385 r  system_i/dac_0/inst/DAC_DAT[5].ODDR_inst/Q
                         net (fo=1, routed)           0.001     9.386    dac_dat_o_OBUF[5]
    J19                  OBUF (Prop_obuf_I_O)         3.202    12.587 r  dac_dat_o_OBUF[5]_inst/O
                         net (fo=0)                   0.000    12.587    dac_dat_o[5]
    J19                                                               r  dac_dat_o[5] (OUT)
  -------------------------------------------------------------------    -------------------

Slack:                    inf
  Source:                 system_i/dac_0/inst/DAC_DAT[13].ODDR_inst/C
                            (falling edge-triggered cell ODDR clocked by clk_out1_system_pll_0_0  {rise@0.000ns fall@4.000ns period=8.000ns})
  Destination:            dac_dat_o[13]
                            (output port)
  Path Group:             (none)
  Path Type:              Max at Slow Process Corner
  Data Path Delay:        3.661ns  (logic 3.660ns (99.973%)  route 0.001ns (0.027%))
  Logic Levels:           1  (OBUF=1)
  Clock Uncertainty:      0.162ns  ((TSJ^2 + DJ^2)^1/2) / 2 + PE
    Total System Jitter     (TSJ):    0.050ns
    Discrete Jitter          (DJ):    0.119ns
    Phase Error              (PE):    0.097ns

    Location             Delay type                Incr(ns)  Path(ns)    Netlist Resource(s)
  -------------------------------------------------------------------    -------------------
                         (clock clk_out1_system_pll_0_0 fall edge)
                                                      4.000     4.000 f  
    U18                                               0.000     4.000 f  adc_clk_p_i (IN)
                         net (fo=0)                   0.000     4.000    system_i/pll_0/inst/clk_in1_p
    U18                  IBUFDS (Prop_ibufds_I_O)     0.983     4.983 f  system_i/pll_0/inst/clkin1_ibufgds/O
                         net (fo=1, routed)           2.076     7.059    system_i/pll_0/inst/clk_in1_system_pll_0_0_buf
    BUFGCTRL_X0Y4        BUFG (Prop_bufg_I_O)         0.102     7.161 f  system_i/pll_0/inst/clkin1_bufg1/O
                         net (fo=1, routed)           1.702     8.863    system_i/pll_0/inst/clk_in1_system_pll_0_0
    PLLE2_ADV_X0Y0       PLLE2_ADV (Prop_plle2_adv_CLKIN1_CLKOUT0)
                                                     -3.557     5.306 f  system_i/pll_0/inst/plle2_adv_inst/CLKOUT0
                         net (fo=1, routed)           1.754     7.060    system_i/pll_0/inst/clk_out1_system_pll_0_0
    BUFGCTRL_X0Y0        BUFG (Prop_bufg_I_O)         0.101     7.161 f  system_i/pll_0/inst/clkout1_buf/O
                         net (fo=10074, routed)       1.763     8.925    system_i/dac_0/inst/aclk
    OLOGIC_X0Y92         ODDR                                         f  system_i/dac_0/inst/DAC_DAT[13].ODDR_inst/C
  -------------------------------------------------------------------    -------------------
    OLOGIC_X0Y92         ODDR (Prop_oddr_C_Q)         0.472     9.397 r  system_i/dac_0/inst/DAC_DAT[13].ODDR_inst/Q
                         net (fo=1, routed)           0.001     9.398    dac_dat_o_OBUF[13]
    D19                  OBUF (Prop_obuf_I_O)         3.188    12.585 r  dac_dat_o_OBUF[13]_inst/O
                         net (fo=0)                   0.000    12.585    dac_dat_o[13]
    D19                                                               r  dac_dat_o[13] (OUT)
  -------------------------------------------------------------------    -------------------

Slack:                    inf
  Source:                 system_i/dac_0/inst/ODDR_rst/C
                            (falling edge-triggered cell ODDR clocked by clk_out1_system_pll_0_0  {rise@0.000ns fall@4.000ns period=8.000ns})
  Destination:            dac_rst_o
                            (output port)
  Path Group:             (none)
  Path Type:              Max at Slow Process Corner
  Data Path Delay:        3.661ns  (logic 3.660ns (99.973%)  route 0.001ns (0.027%))
  Logic Levels:           1  (OBUF=1)
  Clock Uncertainty:      0.162ns  ((TSJ^2 + DJ^2)^1/2) / 2 + PE
    Total System Jitter     (TSJ):    0.050ns
    Discrete Jitter          (DJ):    0.119ns
    Phase Error              (PE):    0.097ns

    Location             Delay type                Incr(ns)  Path(ns)    Netlist Resource(s)
  -------------------------------------------------------------------    -------------------
                         (clock clk_out1_system_pll_0_0 fall edge)
                                                      4.000     4.000 f  
    U18                                               0.000     4.000 f  adc_clk_p_i (IN)
                         net (fo=0)                   0.000     4.000    system_i/pll_0/inst/clk_in1_p
    U18                  IBUFDS (Prop_ibufds_I_O)     0.983     4.983 f  system_i/pll_0/inst/clkin1_ibufgds/O
                         net (fo=1, routed)           2.076     7.059    system_i/pll_0/inst/clk_in1_system_pll_0_0_buf
    BUFGCTRL_X0Y4        BUFG (Prop_bufg_I_O)         0.102     7.161 f  system_i/pll_0/inst/clkin1_bufg1/O
                         net (fo=1, routed)           1.702     8.863    system_i/pll_0/inst/clk_in1_system_pll_0_0
    PLLE2_ADV_X0Y0       PLLE2_ADV (Prop_plle2_adv_CLKIN1_CLKOUT0)
                                                     -3.557     5.306 f  system_i/pll_0/inst/plle2_adv_inst/CLKOUT0
                         net (fo=1, routed)           1.754     7.060    system_i/pll_0/inst/clk_out1_system_pll_0_0
    BUFGCTRL_X0Y0        BUFG (Prop_bufg_I_O)         0.101     7.161 f  system_i/pll_0/inst/clkout1_buf/O
                         net (fo=10074, routed)       1.763     8.925    system_i/dac_0/inst/aclk
    OLOGIC_X0Y58         ODDR                                         f  system_i/dac_0/inst/ODDR_rst/C
  -------------------------------------------------------------------    -------------------
    OLOGIC_X0Y58         ODDR (Prop_oddr_C_Q)         0.472     9.397 r  system_i/dac_0/inst/ODDR_rst/Q
                         net (fo=1, routed)           0.001     9.398    dac_rst_o_OBUF
    N15                  OBUF (Prop_obuf_I_O)         3.188    12.585 r  dac_rst_o_OBUF_inst/O
                         net (fo=0)                   0.000    12.585    dac_rst_o
    N15                                                               r  dac_rst_o (OUT)
  -------------------------------------------------------------------    -------------------

Slack:                    inf
  Source:                 system_i/dac_0/inst/DAC_DAT[4].ODDR_inst/C
                            (falling edge-triggered cell ODDR clocked by clk_out1_system_pll_0_0  {rise@0.000ns fall@4.000ns period=8.000ns})
  Destination:            dac_dat_o[4]
                            (output port)
  Path Group:             (none)
  Path Type:              Max at Slow Process Corner
  Data Path Delay:        3.672ns  (logic 3.671ns (99.973%)  route 0.001ns (0.027%))
  Logic Levels:           1  (OBUF=1)
  Clock Uncertainty:      0.162ns  ((TSJ^2 + DJ^2)^1/2) / 2 + PE
    Total System Jitter     (TSJ):    0.050ns
    Discrete Jitter          (DJ):    0.119ns
    Phase Error              (PE):    0.097ns

    Location             Delay type                Incr(ns)  Path(ns)    Netlist Resource(s)
  -------------------------------------------------------------------    -------------------
                         (clock clk_out1_system_pll_0_0 fall edge)
                                                      4.000     4.000 f  
    U18                                               0.000     4.000 f  adc_clk_p_i (IN)
                         net (fo=0)                   0.000     4.000    system_i/pll_0/inst/clk_in1_p
    U18                  IBUFDS (Prop_ibufds_I_O)     0.983     4.983 f  system_i/pll_0/inst/clkin1_ibufgds/O
                         net (fo=1, routed)           2.076     7.059    system_i/pll_0/inst/clk_in1_system_pll_0_0_buf
    BUFGCTRL_X0Y4        BUFG (Prop_bufg_I_O)         0.102     7.161 f  system_i/pll_0/inst/clkin1_bufg1/O
                         net (fo=1, routed)           1.702     8.863    system_i/pll_0/inst/clk_in1_system_pll_0_0
    PLLE2_ADV_X0Y0       PLLE2_ADV (Prop_plle2_adv_CLKIN1_CLKOUT0)
                                                     -3.557     5.306 f  system_i/pll_0/inst/plle2_adv_inst/CLKOUT0
                         net (fo=1, routed)           1.754     7.060    system_i/pll_0/inst/clk_out1_system_pll_0_0
    BUFGCTRL_X0Y0        BUFG (Prop_bufg_I_O)         0.101     7.161 f  system_i/pll_0/inst/clkout1_buf/O
                         net (fo=10074, routed)       1.751     8.913    system_i/dac_0/inst/aclk
    OLOGIC_X0Y80         ODDR                                         f  system_i/dac_0/inst/DAC_DAT[4].ODDR_inst/C
  -------------------------------------------------------------------    -------------------
    OLOGIC_X0Y80         ODDR (Prop_oddr_C_Q)         0.472     9.385 r  system_i/dac_0/inst/DAC_DAT[4].ODDR_inst/Q
                         net (fo=1, routed)           0.001     9.386    dac_dat_o_OBUF[4]
    K19                  OBUF (Prop_obuf_I_O)         3.199    12.584 r  dac_dat_o_OBUF[4]_inst/O
                         net (fo=0)                   0.000    12.584    dac_dat_o[4]
    K19                                                               r  dac_dat_o[4] (OUT)
  -------------------------------------------------------------------    -------------------

Slack:                    inf
  Source:                 system_i/dac_0/inst/DAC_DAT[12].ODDR_inst/C
                            (falling edge-triggered cell ODDR clocked by clk_out1_system_pll_0_0  {rise@0.000ns fall@4.000ns period=8.000ns})
  Destination:            dac_dat_o[12]
                            (output port)
  Path Group:             (none)
  Path Type:              Max at Slow Process Corner
  Data Path Delay:        3.659ns  (logic 3.658ns (99.973%)  route 0.001ns (0.027%))
  Logic Levels:           1  (OBUF=1)
  Clock Uncertainty:      0.162ns  ((TSJ^2 + DJ^2)^1/2) / 2 + PE
    Total System Jitter     (TSJ):    0.050ns
    Discrete Jitter          (DJ):    0.119ns
    Phase Error              (PE):    0.097ns

    Location             Delay type                Incr(ns)  Path(ns)    Netlist Resource(s)
  -------------------------------------------------------------------    -------------------
                         (clock clk_out1_system_pll_0_0 fall edge)
                                                      4.000     4.000 f  
    U18                                               0.000     4.000 f  adc_clk_p_i (IN)
                         net (fo=0)                   0.000     4.000    system_i/pll_0/inst/clk_in1_p
    U18                  IBUFDS (Prop_ibufds_I_O)     0.983     4.983 f  system_i/pll_0/inst/clkin1_ibufgds/O
                         net (fo=1, routed)           2.076     7.059    system_i/pll_0/inst/clk_in1_system_pll_0_0_buf
    BUFGCTRL_X0Y4        BUFG (Prop_bufg_I_O)         0.102     7.161 f  system_i/pll_0/inst/clkin1_bufg1/O
                         net (fo=1, routed)           1.702     8.863    system_i/pll_0/inst/clk_in1_system_pll_0_0
    PLLE2_ADV_X0Y0       PLLE2_ADV (Prop_plle2_adv_CLKIN1_CLKOUT0)
                                                     -3.557     5.306 f  system_i/pll_0/inst/plle2_adv_inst/CLKOUT0
                         net (fo=1, routed)           1.754     7.060    system_i/pll_0/inst/clk_out1_system_pll_0_0
    BUFGCTRL_X0Y0        BUFG (Prop_bufg_I_O)         0.101     7.161 f  system_i/pll_0/inst/clkout1_buf/O
                         net (fo=10074, routed)       1.763     8.925    system_i/dac_0/inst/aclk
    OLOGIC_X0Y91         ODDR                                         f  system_i/dac_0/inst/DAC_DAT[12].ODDR_inst/C
  -------------------------------------------------------------------    -------------------
    OLOGIC_X0Y91         ODDR (Prop_oddr_C_Q)         0.472     9.397 r  system_i/dac_0/inst/DAC_DAT[12].ODDR_inst/Q
                         net (fo=1, routed)           0.001     9.398    dac_dat_o_OBUF[12]
    D20                  OBUF (Prop_obuf_I_O)         3.186    12.583 r  dac_dat_o_OBUF[12]_inst/O
                         net (fo=0)                   0.000    12.583    dac_dat_o[12]
    D20                                                               r  dac_dat_o[12] (OUT)
  -------------------------------------------------------------------    -------------------

Slack:                    inf
  Source:                 system_i/dac_0/inst/ODDR_sel/C
                            (falling edge-triggered cell ODDR clocked by clk_out1_system_pll_0_0  {rise@0.000ns fall@4.000ns period=8.000ns})
  Destination:            dac_sel_o
                            (output port)
  Path Group:             (none)
  Path Type:              Max at Slow Process Corner
  Data Path Delay:        3.658ns  (logic 3.657ns (99.973%)  route 0.001ns (0.027%))
  Logic Levels:           1  (OBUF=1)
  Clock Uncertainty:      0.162ns  ((TSJ^2 + DJ^2)^1/2) / 2 + PE
    Total System Jitter     (TSJ):    0.050ns
    Discrete Jitter          (DJ):    0.119ns
    Phase Error              (PE):    0.097ns

    Location             Delay type                Incr(ns)  Path(ns)    Netlist Resource(s)
  -------------------------------------------------------------------    -------------------
                         (clock clk_out1_system_pll_0_0 fall edge)
                                                      4.000     4.000 f  
    U18                                               0.000     4.000 f  adc_clk_p_i (IN)
                         net (fo=0)                   0.000     4.000    system_i/pll_0/inst/clk_in1_p
    U18                  IBUFDS (Prop_ibufds_I_O)     0.983     4.983 f  system_i/pll_0/inst/clkin1_ibufgds/O
                         net (fo=1, routed)           2.076     7.059    system_i/pll_0/inst/clk_in1_system_pll_0_0_buf
    BUFGCTRL_X0Y4        BUFG (Prop_bufg_I_O)         0.102     7.161 f  system_i/pll_0/inst/clkin1_bufg1/O
                         net (fo=1, routed)           1.702     8.863    system_i/pll_0/inst/clk_in1_system_pll_0_0
    PLLE2_ADV_X0Y0       PLLE2_ADV (Prop_plle2_adv_CLKIN1_CLKOUT0)
                                                     -3.557     5.306 f  system_i/pll_0/inst/plle2_adv_inst/CLKOUT0
                         net (fo=1, routed)           1.754     7.060    system_i/pll_0/inst/clk_out1_system_pll_0_0
    BUFGCTRL_X0Y0        BUFG (Prop_bufg_I_O)         0.101     7.161 f  system_i/pll_0/inst/clkout1_buf/O
                         net (fo=10074, routed)       1.763     8.925    system_i/dac_0/inst/aclk
    OLOGIC_X0Y57         ODDR                                         f  system_i/dac_0/inst/ODDR_sel/C
  -------------------------------------------------------------------    -------------------
    OLOGIC_X0Y57         ODDR (Prop_oddr_C_Q)         0.472     9.397 r  system_i/dac_0/inst/ODDR_sel/Q
                         net (fo=1, routed)           0.001     9.398    dac_sel_o_OBUF
    N16                  OBUF (Prop_obuf_I_O)         3.185    12.583 r  dac_sel_o_OBUF_inst/O
                         net (fo=0)                   0.000    12.583    dac_sel_o
    N16                                                               r  dac_sel_o (OUT)
  -------------------------------------------------------------------    -------------------





Min Delay Paths
--------------------------------------------------------------------------------------
Slack:                    inf
  Source:                 system_i/dac_0/inst/DAC_DAT[7].ODDR_inst/C
                            (rising edge-triggered cell ODDR clocked by clk_out1_system_pll_0_0  {rise@0.000ns fall@4.000ns period=8.000ns})
  Destination:            dac_dat_o[7]
                            (output port)
  Path Group:             (none)
  Path Type:              Min at Fast Process Corner
  Data Path Delay:        1.515ns  (logic 1.514ns (99.934%)  route 0.001ns (0.066%))
  Logic Levels:           1  (OBUF=1)
  Clock Uncertainty:      0.162ns  ((TSJ^2 + DJ^2)^1/2) / 2 + PE
    Total System Jitter     (TSJ):    0.050ns
    Discrete Jitter          (DJ):    0.119ns
    Phase Error              (PE):    0.097ns

    Location             Delay type                Incr(ns)  Path(ns)    Netlist Resource(s)
  -------------------------------------------------------------------    -------------------
                         (clock clk_out1_system_pll_0_0 rise edge)
                                                      0.000     0.000 r  
    U18                                               0.000     0.000 r  adc_clk_p_i (IN)
                         net (fo=0)                   0.000     0.000    system_i/pll_0/inst/clk_in1_p
    U18                  IBUFDS (Prop_ibufds_I_O)     0.401     0.401 r  system_i/pll_0/inst/clkin1_ibufgds/O
                         net (fo=1, routed)           0.627     1.029    system_i/pll_0/inst/clk_in1_system_pll_0_0_buf
    BUFGCTRL_X0Y4        BUFG (Prop_bufg_I_O)         0.027     1.056 r  system_i/pll_0/inst/clkin1_bufg1/O
                         net (fo=1, routed)           0.551     1.606    system_i/pll_0/inst/clk_in1_system_pll_0_0
    PLLE2_ADV_X0Y0       PLLE2_ADV (Prop_plle2_adv_CLKIN1_CLKOUT0)
                                                     -1.073     0.533 r  system_i/pll_0/inst/plle2_adv_inst/CLKOUT0
                         net (fo=1, routed)           0.497     1.030    system_i/pll_0/inst/clk_out1_system_pll_0_0
    BUFGCTRL_X0Y0        BUFG (Prop_bufg_I_O)         0.026     1.056 r  system_i/pll_0/inst/clkout1_buf/O
                         net (fo=10074, routed)       0.578     1.633    system_i/dac_0/inst/aclk
    OLOGIC_X0Y65         ODDR                                         r  system_i/dac_0/inst/DAC_DAT[7].ODDR_inst/C
  -------------------------------------------------------------------    -------------------
    OLOGIC_X0Y65         ODDR (Prop_oddr_C_Q)         0.177     1.810 r  system_i/dac_0/inst/DAC_DAT[7].ODDR_inst/Q
                         net (fo=1, routed)           0.001     1.811    dac_dat_o_OBUF[7]
    H20                  OBUF (Prop_obuf_I_O)         1.337     3.148 r  dac_dat_o_OBUF[7]_inst/O
                         net (fo=0)                   0.000     3.148    dac_dat_o[7]
    H20                                                               r  dac_dat_o[7] (OUT)
  -------------------------------------------------------------------    -------------------

Slack:                    inf
  Source:                 system_i/dac_0/inst/DAC_DAT[11].ODDR_inst/C
                            (rising edge-triggered cell ODDR clocked by clk_out1_system_pll_0_0  {rise@0.000ns fall@4.000ns period=8.000ns})
  Destination:            dac_dat_o[11]
                            (output port)
  Path Group:             (none)
  Path Type:              Min at Fast Process Corner
  Data Path Delay:        1.520ns  (logic 1.519ns (99.934%)  route 0.001ns (0.066%))
  Logic Levels:           1  (OBUF=1)
  Clock Uncertainty:      0.162ns  ((TSJ^2 + DJ^2)^1/2) / 2 + PE
    Total System Jitter     (TSJ):    0.050ns
    Discrete Jitter          (DJ):    0.119ns
    Phase Error              (PE):    0.097ns

    Location             Delay type                Incr(ns)  Path(ns)    Netlist Resource(s)
  -------------------------------------------------------------------    -------------------
                         (clock clk_out1_system_pll_0_0 rise edge)
                                                      0.000     0.000 r  
    U18                                               0.000     0.000 r  adc_clk_p_i (IN)
                         net (fo=0)                   0.000     0.000    system_i/pll_0/inst/clk_in1_p
    U18                  IBUFDS (Prop_ibufds_I_O)     0.401     0.401 r  system_i/pll_0/inst/clkin1_ibufgds/O
                         net (fo=1, routed)           0.627     1.029    system_i/pll_0/inst/clk_in1_system_pll_0_0_buf
    BUFGCTRL_X0Y4        BUFG (Prop_bufg_I_O)         0.027     1.056 r  system_i/pll_0/inst/clkin1_bufg1/O
                         net (fo=1, routed)           0.551     1.606    system_i/pll_0/inst/clk_in1_system_pll_0_0
    PLLE2_ADV_X0Y0       PLLE2_ADV (Prop_plle2_adv_CLKIN1_CLKOUT0)
                                                     -1.073     0.533 r  system_i/pll_0/inst/plle2_adv_inst/CLKOUT0
                         net (fo=1, routed)           0.497     1.030    system_i/pll_0/inst/clk_out1_system_pll_0_0
    BUFGCTRL_X0Y0        BUFG (Prop_bufg_I_O)         0.026     1.056 r  system_i/pll_0/inst/clkout1_buf/O
                         net (fo=10074, routed)       0.574     1.629    system_i/dac_0/inst/aclk
    OLOGIC_X0Y69         ODDR                                         r  system_i/dac_0/inst/DAC_DAT[11].ODDR_inst/C
  -------------------------------------------------------------------    -------------------
    OLOGIC_X0Y69         ODDR (Prop_oddr_C_Q)         0.177     1.806 r  system_i/dac_0/inst/DAC_DAT[11].ODDR_inst/Q
                         net (fo=1, routed)           0.001     1.807    dac_dat_o_OBUF[11]
    F20                  OBUF (Prop_obuf_I_O)         1.342     3.149 r  dac_dat_o_OBUF[11]_inst/O
                         net (fo=0)                   0.000     3.149    dac_dat_o[11]
    F20                                                               r  dac_dat_o[11] (OUT)
  -------------------------------------------------------------------    -------------------

Slack:                    inf
  Source:                 system_i/dac_0/inst/DAC_DAT[10].ODDR_inst/C
                            (rising edge-triggered cell ODDR clocked by clk_out1_system_pll_0_0  {rise@0.000ns fall@4.000ns period=8.000ns})
  Destination:            dac_dat_o[10]
                            (output port)
  Path Group:             (none)
  Path Type:              Min at Fast Process Corner
  Data Path Delay:        1.520ns  (logic 1.519ns (99.934%)  route 0.001ns (0.066%))
  Logic Levels:           1  (OBUF=1)
  Clock Uncertainty:      0.162ns  ((TSJ^2 + DJ^2)^1/2) / 2 + PE
    Total System Jitter     (TSJ):    0.050ns
    Discrete Jitter          (DJ):    0.119ns
    Phase Error              (PE):    0.097ns

    Location             Delay type                Incr(ns)  Path(ns)    Netlist Resource(s)
  -------------------------------------------------------------------    -------------------
                         (clock clk_out1_system_pll_0_0 rise edge)
                                                      0.000     0.000 r  
    U18                                               0.000     0.000 r  adc_clk_p_i (IN)
                         net (fo=0)                   0.000     0.000    system_i/pll_0/inst/clk_in1_p
    U18                  IBUFDS (Prop_ibufds_I_O)     0.401     0.401 r  system_i/pll_0/inst/clkin1_ibufgds/O
                         net (fo=1, routed)           0.627     1.029    system_i/pll_0/inst/clk_in1_system_pll_0_0_buf
    BUFGCTRL_X0Y4        BUFG (Prop_bufg_I_O)         0.027     1.056 r  system_i/pll_0/inst/clkin1_bufg1/O
                         net (fo=1, routed)           0.551     1.606    system_i/pll_0/inst/clk_in1_system_pll_0_0
    PLLE2_ADV_X0Y0       PLLE2_ADV (Prop_plle2_adv_CLKIN1_CLKOUT0)
                                                     -1.073     0.533 r  system_i/pll_0/inst/plle2_adv_inst/CLKOUT0
                         net (fo=1, routed)           0.497     1.030    system_i/pll_0/inst/clk_out1_system_pll_0_0
    BUFGCTRL_X0Y0        BUFG (Prop_bufg_I_O)         0.026     1.056 r  system_i/pll_0/inst/clkout1_buf/O
                         net (fo=10074, routed)       0.574     1.629    system_i/dac_0/inst/aclk
    OLOGIC_X0Y70         ODDR                                         r  system_i/dac_0/inst/DAC_DAT[10].ODDR_inst/C
  -------------------------------------------------------------------    -------------------
    OLOGIC_X0Y70         ODDR (Prop_oddr_C_Q)         0.177     1.806 r  system_i/dac_0/inst/DAC_DAT[10].ODDR_inst/Q
                         net (fo=1, routed)           0.001     1.807    dac_dat_o_OBUF[10]
    F19                  OBUF (Prop_obuf_I_O)         1.342     3.149 r  dac_dat_o_OBUF[10]_inst/O
                         net (fo=0)                   0.000     3.149    dac_dat_o[10]
    F19                                                               r  dac_dat_o[10] (OUT)
  -------------------------------------------------------------------    -------------------

Slack:                    inf
  Source:                 system_i/dac_0/inst/DAC_DAT[6].ODDR_inst/C
                            (rising edge-triggered cell ODDR clocked by clk_out1_system_pll_0_0  {rise@0.000ns fall@4.000ns period=8.000ns})
  Destination:            dac_dat_o[6]
                            (output port)
  Path Group:             (none)
  Path Type:              Min at Fast Process Corner
  Data Path Delay:        1.517ns  (logic 1.516ns (99.934%)  route 0.001ns (0.066%))
  Logic Levels:           1  (OBUF=1)
  Clock Uncertainty:      0.162ns  ((TSJ^2 + DJ^2)^1/2) / 2 + PE
    Total System Jitter     (TSJ):    0.050ns
    Discrete Jitter          (DJ):    0.119ns
    Phase Error              (PE):    0.097ns

    Location             Delay type                Incr(ns)  Path(ns)    Netlist Resource(s)
  -------------------------------------------------------------------    -------------------
                         (clock clk_out1_system_pll_0_0 rise edge)
                                                      0.000     0.000 r  
    U18                                               0.000     0.000 r  adc_clk_p_i (IN)
                         net (fo=0)                   0.000     0.000    system_i/pll_0/inst/clk_in1_p
    U18                  IBUFDS (Prop_ibufds_I_O)     0.401     0.401 r  system_i/pll_0/inst/clkin1_ibufgds/O
                         net (fo=1, routed)           0.627     1.029    system_i/pll_0/inst/clk_in1_system_pll_0_0_buf
    BUFGCTRL_X0Y4        BUFG (Prop_bufg_I_O)         0.027     1.056 r  system_i/pll_0/inst/clkin1_bufg1/O
                         net (fo=1, routed)           0.551     1.606    system_i/pll_0/inst/clk_in1_system_pll_0_0
    PLLE2_ADV_X0Y0       PLLE2_ADV (Prop_plle2_adv_CLKIN1_CLKOUT0)
                                                     -1.073     0.533 r  system_i/pll_0/inst/plle2_adv_inst/CLKOUT0
                         net (fo=1, routed)           0.497     1.030    system_i/pll_0/inst/clk_out1_system_pll_0_0
    BUFGCTRL_X0Y0        BUFG (Prop_bufg_I_O)         0.026     1.056 r  system_i/pll_0/inst/clkout1_buf/O
                         net (fo=10074, routed)       0.578     1.633    system_i/dac_0/inst/aclk
    OLOGIC_X0Y66         ODDR                                         r  system_i/dac_0/inst/DAC_DAT[6].ODDR_inst/C
  -------------------------------------------------------------------    -------------------
    OLOGIC_X0Y66         ODDR (Prop_oddr_C_Q)         0.177     1.810 r  system_i/dac_0/inst/DAC_DAT[6].ODDR_inst/Q
                         net (fo=1, routed)           0.001     1.811    dac_dat_o_OBUF[6]
    J20                  OBUF (Prop_obuf_I_O)         1.339     3.150 r  dac_dat_o_OBUF[6]_inst/O
                         net (fo=0)                   0.000     3.150    dac_dat_o[6]
    J20                                                               r  dac_dat_o[6] (OUT)
  -------------------------------------------------------------------    -------------------

Slack:                    inf
  Source:                 system_i/dac_0/inst/DAC_DAT[9].ODDR_inst/C
                            (rising edge-triggered cell ODDR clocked by clk_out1_system_pll_0_0  {rise@0.000ns fall@4.000ns period=8.000ns})
  Destination:            dac_dat_o[9]
                            (output port)
  Path Group:             (none)
  Path Type:              Min at Fast Process Corner
  Data Path Delay:        1.518ns  (logic 1.517ns (99.934%)  route 0.001ns (0.066%))
  Logic Levels:           1  (OBUF=1)
  Clock Uncertainty:      0.162ns  ((TSJ^2 + DJ^2)^1/2) / 2 + PE
    Total System Jitter     (TSJ):    0.050ns
    Discrete Jitter          (DJ):    0.119ns
    Phase Error              (PE):    0.097ns

    Location             Delay type                Incr(ns)  Path(ns)    Netlist Resource(s)
  -------------------------------------------------------------------    -------------------
                         (clock clk_out1_system_pll_0_0 rise edge)
                                                      0.000     0.000 r  
    U18                                               0.000     0.000 r  adc_clk_p_i (IN)
                         net (fo=0)                   0.000     0.000    system_i/pll_0/inst/clk_in1_p
    U18                  IBUFDS (Prop_ibufds_I_O)     0.401     0.401 r  system_i/pll_0/inst/clkin1_ibufgds/O
                         net (fo=1, routed)           0.627     1.029    system_i/pll_0/inst/clk_in1_system_pll_0_0_buf
    BUFGCTRL_X0Y4        BUFG (Prop_bufg_I_O)         0.027     1.056 r  system_i/pll_0/inst/clkin1_bufg1/O
                         net (fo=1, routed)           0.551     1.606    system_i/pll_0/inst/clk_in1_system_pll_0_0
    PLLE2_ADV_X0Y0       PLLE2_ADV (Prop_plle2_adv_CLKIN1_CLKOUT0)
                                                     -1.073     0.533 r  system_i/pll_0/inst/plle2_adv_inst/CLKOUT0
                         net (fo=1, routed)           0.497     1.030    system_i/pll_0/inst/clk_out1_system_pll_0_0
    BUFGCTRL_X0Y0        BUFG (Prop_bufg_I_O)         0.026     1.056 r  system_i/pll_0/inst/clkout1_buf/O
                         net (fo=10074, routed)       0.578     1.633    system_i/dac_0/inst/aclk
    OLOGIC_X0Y63         ODDR                                         r  system_i/dac_0/inst/DAC_DAT[9].ODDR_inst/C
  -------------------------------------------------------------------    -------------------
    OLOGIC_X0Y63         ODDR (Prop_oddr_C_Q)         0.177     1.810 r  system_i/dac_0/inst/DAC_DAT[9].ODDR_inst/Q
                         net (fo=1, routed)           0.001     1.811    dac_dat_o_OBUF[9]
    G20                  OBUF (Prop_obuf_I_O)         1.340     3.151 r  dac_dat_o_OBUF[9]_inst/O
                         net (fo=0)                   0.000     3.151    dac_dat_o[9]
    G20                                                               r  dac_dat_o[9] (OUT)
  -------------------------------------------------------------------    -------------------

Slack:                    inf
  Source:                 system_i/dac_0/inst/DAC_DAT[8].ODDR_inst/C
                            (rising edge-triggered cell ODDR clocked by clk_out1_system_pll_0_0  {rise@0.000ns fall@4.000ns period=8.000ns})
  Destination:            dac_dat_o[8]
                            (output port)
  Path Group:             (none)
  Path Type:              Min at Fast Process Corner
  Data Path Delay:        1.521ns  (logic 1.520ns (99.934%)  route 0.001ns (0.066%))
  Logic Levels:           1  (OBUF=1)
  Clock Uncertainty:      0.162ns  ((TSJ^2 + DJ^2)^1/2) / 2 + PE
    Total System Jitter     (TSJ):    0.050ns
    Discrete Jitter          (DJ):    0.119ns
    Phase Error              (PE):    0.097ns

    Location             Delay type                Incr(ns)  Path(ns)    Netlist Resource(s)
  -------------------------------------------------------------------    -------------------
                         (clock clk_out1_system_pll_0_0 rise edge)
                                                      0.000     0.000 r  
    U18                                               0.000     0.000 r  adc_clk_p_i (IN)
                         net (fo=0)                   0.000     0.000    system_i/pll_0/inst/clk_in1_p
    U18                  IBUFDS (Prop_ibufds_I_O)     0.401     0.401 r  system_i/pll_0/inst/clkin1_ibufgds/O
                         net (fo=1, routed)           0.627     1.029    system_i/pll_0/inst/clk_in1_system_pll_0_0_buf
    BUFGCTRL_X0Y4        BUFG (Prop_bufg_I_O)         0.027     1.056 r  system_i/pll_0/inst/clkin1_bufg1/O
                         net (fo=1, routed)           0.551     1.606    system_i/pll_0/inst/clk_in1_system_pll_0_0
    PLLE2_ADV_X0Y0       PLLE2_ADV (Prop_plle2_adv_CLKIN1_CLKOUT0)
                                                     -1.073     0.533 r  system_i/pll_0/inst/plle2_adv_inst/CLKOUT0
                         net (fo=1, routed)           0.497     1.030    system_i/pll_0/inst/clk_out1_system_pll_0_0
    BUFGCTRL_X0Y0        BUFG (Prop_bufg_I_O)         0.026     1.056 r  system_i/pll_0/inst/clkout1_buf/O
                         net (fo=10074, routed)       0.578     1.633    system_i/dac_0/inst/aclk
    OLOGIC_X0Y64         ODDR                                         r  system_i/dac_0/inst/DAC_DAT[8].ODDR_inst/C
  -------------------------------------------------------------------    -------------------
    OLOGIC_X0Y64         ODDR (Prop_oddr_C_Q)         0.177     1.810 r  system_i/dac_0/inst/DAC_DAT[8].ODDR_inst/Q
                         net (fo=1, routed)           0.001     1.811    dac_dat_o_OBUF[8]
    G19                  OBUF (Prop_obuf_I_O)         1.343     3.154 r  dac_dat_o_OBUF[8]_inst/O
                         net (fo=0)                   0.000     3.154    dac_dat_o[8]
    G19                                                               r  dac_dat_o[8] (OUT)
  -------------------------------------------------------------------    -------------------

Slack:                    inf
  Source:                 system_i/dac_0/inst/ODDR_sel/C
                            (rising edge-triggered cell ODDR clocked by clk_out1_system_pll_0_0  {rise@0.000ns fall@4.000ns period=8.000ns})
  Destination:            dac_sel_o
                            (output port)
  Path Group:             (none)
  Path Type:              Min at Fast Process Corner
  Data Path Delay:        1.527ns  (logic 1.526ns (99.935%)  route 0.001ns (0.065%))
  Logic Levels:           1  (OBUF=1)
  Clock Uncertainty:      0.162ns  ((TSJ^2 + DJ^2)^1/2) / 2 + PE
    Total System Jitter     (TSJ):    0.050ns
    Discrete Jitter          (DJ):    0.119ns
    Phase Error              (PE):    0.097ns

    Location             Delay type                Incr(ns)  Path(ns)    Netlist Resource(s)
  -------------------------------------------------------------------    -------------------
                         (clock clk_out1_system_pll_0_0 rise edge)
                                                      0.000     0.000 r  
    U18                                               0.000     0.000 r  adc_clk_p_i (IN)
                         net (fo=0)                   0.000     0.000    system_i/pll_0/inst/clk_in1_p
    U18                  IBUFDS (Prop_ibufds_I_O)     0.401     0.401 r  system_i/pll_0/inst/clkin1_ibufgds/O
                         net (fo=1, routed)           0.627     1.029    system_i/pll_0/inst/clk_in1_system_pll_0_0_buf
    BUFGCTRL_X0Y4        BUFG (Prop_bufg_I_O)         0.027     1.056 r  system_i/pll_0/inst/clkin1_bufg1/O
                         net (fo=1, routed)           0.551     1.606    system_i/pll_0/inst/clk_in1_system_pll_0_0
    PLLE2_ADV_X0Y0       PLLE2_ADV (Prop_plle2_adv_CLKIN1_CLKOUT0)
                                                     -1.073     0.533 r  system_i/pll_0/inst/plle2_adv_inst/CLKOUT0
                         net (fo=1, routed)           0.497     1.030    system_i/pll_0/inst/clk_out1_system_pll_0_0
    BUFGCTRL_X0Y0        BUFG (Prop_bufg_I_O)         0.026     1.056 r  system_i/pll_0/inst/clkout1_buf/O
                         net (fo=10074, routed)       0.580     1.635    system_i/dac_0/inst/aclk
    OLOGIC_X0Y57         ODDR                                         r  system_i/dac_0/inst/ODDR_sel/C
  -------------------------------------------------------------------    -------------------
    OLOGIC_X0Y57         ODDR (Prop_oddr_C_Q)         0.177     1.812 r  system_i/dac_0/inst/ODDR_sel/Q
                         net (fo=1, routed)           0.001     1.813    dac_sel_o_OBUF
    N16                  OBUF (Prop_obuf_I_O)         1.349     3.162 r  dac_sel_o_OBUF_inst/O
                         net (fo=0)                   0.000     3.162    dac_sel_o
    N16                                                               r  dac_sel_o (OUT)
  -------------------------------------------------------------------    -------------------

Slack:                    inf
  Source:                 system_i/dac_0/inst/DAC_DAT[12].ODDR_inst/C
                            (rising edge-triggered cell ODDR clocked by clk_out1_system_pll_0_0  {rise@0.000ns fall@4.000ns period=8.000ns})
  Destination:            dac_dat_o[12]
                            (output port)
  Path Group:             (none)
  Path Type:              Min at Fast Process Corner
  Data Path Delay:        1.528ns  (logic 1.527ns (99.935%)  route 0.001ns (0.065%))
  Logic Levels:           1  (OBUF=1)
  Clock Uncertainty:      0.162ns  ((TSJ^2 + DJ^2)^1/2) / 2 + PE
    Total System Jitter     (TSJ):    0.050ns
    Discrete Jitter          (DJ):    0.119ns
    Phase Error              (PE):    0.097ns

    Location             Delay type                Incr(ns)  Path(ns)    Netlist Resource(s)
  -------------------------------------------------------------------    -------------------
                         (clock clk_out1_system_pll_0_0 rise edge)
                                                      0.000     0.000 r  
    U18                                               0.000     0.000 r  adc_clk_p_i (IN)
                         net (fo=0)                   0.000     0.000    system_i/pll_0/inst/clk_in1_p
    U18                  IBUFDS (Prop_ibufds_I_O)     0.401     0.401 r  system_i/pll_0/inst/clkin1_ibufgds/O
                         net (fo=1, routed)           0.627     1.029    system_i/pll_0/inst/clk_in1_system_pll_0_0_buf
    BUFGCTRL_X0Y4        BUFG (Prop_bufg_I_O)         0.027     1.056 r  system_i/pll_0/inst/clkin1_bufg1/O
                         net (fo=1, routed)           0.551     1.606    system_i/pll_0/inst/clk_in1_system_pll_0_0
    PLLE2_ADV_X0Y0       PLLE2_ADV (Prop_plle2_adv_CLKIN1_CLKOUT0)
                                                     -1.073     0.533 r  system_i/pll_0/inst/plle2_adv_inst/CLKOUT0
                         net (fo=1, routed)           0.497     1.030    system_i/pll_0/inst/clk_out1_system_pll_0_0
    BUFGCTRL_X0Y0        BUFG (Prop_bufg_I_O)         0.026     1.056 r  system_i/pll_0/inst/clkout1_buf/O
                         net (fo=10074, routed)       0.580     1.635    system_i/dac_0/inst/aclk
    OLOGIC_X0Y91         ODDR                                         r  system_i/dac_0/inst/DAC_DAT[12].ODDR_inst/C
  -------------------------------------------------------------------    -------------------
    OLOGIC_X0Y91         ODDR (Prop_oddr_C_Q)         0.177     1.812 r  system_i/dac_0/inst/DAC_DAT[12].ODDR_inst/Q
                         net (fo=1, routed)           0.001     1.813    dac_dat_o_OBUF[12]
    D20                  OBUF (Prop_obuf_I_O)         1.350     3.163 r  dac_dat_o_OBUF[12]_inst/O
                         net (fo=0)                   0.000     3.163    dac_dat_o[12]
    D20                                                               r  dac_dat_o[12] (OUT)
  -------------------------------------------------------------------    -------------------

Slack:                    inf
  Source:                 system_i/dac_0/inst/ODDR_rst/C
                            (rising edge-triggered cell ODDR clocked by clk_out1_system_pll_0_0  {rise@0.000ns fall@4.000ns period=8.000ns})
  Destination:            dac_rst_o
                            (output port)
  Path Group:             (none)
  Path Type:              Min at Fast Process Corner
  Data Path Delay:        1.529ns  (logic 1.528ns (99.935%)  route 0.001ns (0.065%))
  Logic Levels:           1  (OBUF=1)
  Clock Uncertainty:      0.162ns  ((TSJ^2 + DJ^2)^1/2) / 2 + PE
    Total System Jitter     (TSJ):    0.050ns
    Discrete Jitter          (DJ):    0.119ns
    Phase Error              (PE):    0.097ns

    Location             Delay type                Incr(ns)  Path(ns)    Netlist Resource(s)
  -------------------------------------------------------------------    -------------------
                         (clock clk_out1_system_pll_0_0 rise edge)
                                                      0.000     0.000 r  
    U18                                               0.000     0.000 r  adc_clk_p_i (IN)
                         net (fo=0)                   0.000     0.000    system_i/pll_0/inst/clk_in1_p
    U18                  IBUFDS (Prop_ibufds_I_O)     0.401     0.401 r  system_i/pll_0/inst/clkin1_ibufgds/O
                         net (fo=1, routed)           0.627     1.029    system_i/pll_0/inst/clk_in1_system_pll_0_0_buf
    BUFGCTRL_X0Y4        BUFG (Prop_bufg_I_O)         0.027     1.056 r  system_i/pll_0/inst/clkin1_bufg1/O
                         net (fo=1, routed)           0.551     1.606    system_i/pll_0/inst/clk_in1_system_pll_0_0
    PLLE2_ADV_X0Y0       PLLE2_ADV (Prop_plle2_adv_CLKIN1_CLKOUT0)
                                                     -1.073     0.533 r  system_i/pll_0/inst/plle2_adv_inst/CLKOUT0
                         net (fo=1, routed)           0.497     1.030    system_i/pll_0/inst/clk_out1_system_pll_0_0
    BUFGCTRL_X0Y0        BUFG (Prop_bufg_I_O)         0.026     1.056 r  system_i/pll_0/inst/clkout1_buf/O
                         net (fo=10074, routed)       0.580     1.635    system_i/dac_0/inst/aclk
    OLOGIC_X0Y58         ODDR                                         r  system_i/dac_0/inst/ODDR_rst/C
  -------------------------------------------------------------------    -------------------
    OLOGIC_X0Y58         ODDR (Prop_oddr_C_Q)         0.177     1.812 r  system_i/dac_0/inst/ODDR_rst/Q
                         net (fo=1, routed)           0.001     1.813    dac_rst_o_OBUF
    N15                  OBUF (Prop_obuf_I_O)         1.351     3.165 r  dac_rst_o_OBUF_inst/O
                         net (fo=0)                   0.000     3.165    dac_rst_o
    N15                                                               r  dac_rst_o (OUT)
  -------------------------------------------------------------------    -------------------

Slack:                    inf
  Source:                 system_i/dac_0/inst/DAC_DAT[13].ODDR_inst/C
                            (rising edge-triggered cell ODDR clocked by clk_out1_system_pll_0_0  {rise@0.000ns fall@4.000ns period=8.000ns})
  Destination:            dac_dat_o[13]
                            (output port)
  Path Group:             (none)
  Path Type:              Min at Fast Process Corner
  Data Path Delay:        1.530ns  (logic 1.529ns (99.935%)  route 0.001ns (0.065%))
  Logic Levels:           1  (OBUF=1)
  Clock Uncertainty:      0.162ns  ((TSJ^2 + DJ^2)^1/2) / 2 + PE
    Total System Jitter     (TSJ):    0.050ns
    Discrete Jitter          (DJ):    0.119ns
    Phase Error              (PE):    0.097ns

    Location             Delay type                Incr(ns)  Path(ns)    Netlist Resource(s)
  -------------------------------------------------------------------    -------------------
                         (clock clk_out1_system_pll_0_0 rise edge)
                                                      0.000     0.000 r  
    U18                                               0.000     0.000 r  adc_clk_p_i (IN)
                         net (fo=0)                   0.000     0.000    system_i/pll_0/inst/clk_in1_p
    U18                  IBUFDS (Prop_ibufds_I_O)     0.401     0.401 r  system_i/pll_0/inst/clkin1_ibufgds/O
                         net (fo=1, routed)           0.627     1.029    system_i/pll_0/inst/clk_in1_system_pll_0_0_buf
    BUFGCTRL_X0Y4        BUFG (Prop_bufg_I_O)         0.027     1.056 r  system_i/pll_0/inst/clkin1_bufg1/O
                         net (fo=1, routed)           0.551     1.606    system_i/pll_0/inst/clk_in1_system_pll_0_0
    PLLE2_ADV_X0Y0       PLLE2_ADV (Prop_plle2_adv_CLKIN1_CLKOUT0)
                                                     -1.073     0.533 r  system_i/pll_0/inst/plle2_adv_inst/CLKOUT0
                         net (fo=1, routed)           0.497     1.030    system_i/pll_0/inst/clk_out1_system_pll_0_0
    BUFGCTRL_X0Y0        BUFG (Prop_bufg_I_O)         0.026     1.056 r  system_i/pll_0/inst/clkout1_buf/O
                         net (fo=10074, routed)       0.580     1.635    system_i/dac_0/inst/aclk
    OLOGIC_X0Y92         ODDR                                         r  system_i/dac_0/inst/DAC_DAT[13].ODDR_inst/C
  -------------------------------------------------------------------    -------------------
    OLOGIC_X0Y92         ODDR (Prop_oddr_C_Q)         0.177     1.812 r  system_i/dac_0/inst/DAC_DAT[13].ODDR_inst/Q
                         net (fo=1, routed)           0.001     1.813    dac_dat_o_OBUF[13]
    D19                  OBUF (Prop_obuf_I_O)         1.352     3.165 r  dac_dat_o_OBUF[13]_inst/O
                         net (fo=0)                   0.000     3.165    dac_dat_o[13]
    D19                                                               r  dac_dat_o[13] (OUT)
  -------------------------------------------------------------------    -------------------





--------------------------------------------------------------------------------------
Path Group:  (none)
From Clock:  clk_out2_system_pll_0_0
  To Clock:  

Max Delay             1 Endpoint
Min Delay             1 Endpoint
--------------------------------------------------------------------------------------


Max Delay Paths
--------------------------------------------------------------------------------------
Slack:                    inf
  Source:                 system_i/dac_0/inst/ODDR_clk/C
                            (falling edge-triggered cell ODDR clocked by clk_out2_system_pll_0_0  {rise@1.750ns fall@3.750ns period=4.000ns})
  Destination:            dac_clk_o
                            (output port)
  Path Group:             (none)
  Path Type:              Max at Slow Process Corner
  Data Path Delay:        3.718ns  (logic 3.717ns (99.973%)  route 0.001ns (0.027%))
  Logic Levels:           1  (OBUF=1)
  Clock Uncertainty:      0.155ns  ((TSJ^2 + DJ^2)^1/2) / 2 + PE
    Total System Jitter     (TSJ):    0.050ns
    Discrete Jitter          (DJ):    0.105ns
    Phase Error              (PE):    0.097ns

    Location             Delay type                Incr(ns)  Path(ns)    Netlist Resource(s)
  -------------------------------------------------------------------    -------------------
                         (clock clk_out2_system_pll_0_0 fall edge)
                                                      3.750     3.750 f  
    U18                                               0.000     3.750 f  adc_clk_p_i (IN)
                         net (fo=0)                   0.000     3.750    system_i/pll_0/inst/clk_in1_p
    U18                  IBUFDS (Prop_ibufds_I_O)     0.983     4.733 f  system_i/pll_0/inst/clkin1_ibufgds/O
                         net (fo=1, routed)           2.076     6.809    system_i/pll_0/inst/clk_in1_system_pll_0_0_buf
    BUFGCTRL_X0Y4        BUFG (Prop_bufg_I_O)         0.102     6.911 f  system_i/pll_0/inst/clkin1_bufg1/O
                         net (fo=1, routed)           1.702     8.613    system_i/pll_0/inst/clk_in1_system_pll_0_0
    PLLE2_ADV_X0Y0       PLLE2_ADV (Prop_plle2_adv_CLKIN1_CLKOUT1)
                                                     -3.557     5.056 f  system_i/pll_0/inst/plle2_adv_inst/CLKOUT1
                         net (fo=1, routed)           1.754     6.810    system_i/pll_0/inst/clk_out2_system_pll_0_0
    BUFGCTRL_X0Y1        BUFG (Prop_bufg_I_O)         0.101     6.911 f  system_i/pll_0/inst/clkout2_buf/O
                         net (fo=1, routed)           1.758     8.670    system_i/dac_0/inst/ddr_clk
    OLOGIC_X0Y83         ODDR                                         f  system_i/dac_0/inst/ODDR_clk/C
  -------------------------------------------------------------------    -------------------
    OLOGIC_X0Y83         ODDR (Prop_oddr_C_Q)         0.472     9.142 r  system_i/dac_0/inst/ODDR_clk/Q
                         net (fo=1, routed)           0.001     9.143    dac_clk_o_OBUF
    M18                  OBUF (Prop_obuf_I_O)         3.245    12.388 r  dac_clk_o_OBUF_inst/O
                         net (fo=0)                   0.000    12.388    dac_clk_o
    M18                                                               r  dac_clk_o (OUT)
  -------------------------------------------------------------------    -------------------





Min Delay Paths
--------------------------------------------------------------------------------------
Slack:                    inf
  Source:                 system_i/dac_0/inst/ODDR_clk/C
                            (rising edge-triggered cell ODDR clocked by clk_out2_system_pll_0_0  {rise@1.750ns fall@3.750ns period=4.000ns})
  Destination:            dac_clk_o
                            (output port)
  Path Group:             (none)
  Path Type:              Min at Fast Process Corner
  Data Path Delay:        1.587ns  (logic 1.586ns (99.937%)  route 0.001ns (0.063%))
  Logic Levels:           1  (OBUF=1)
  Clock Uncertainty:      0.155ns  ((TSJ^2 + DJ^2)^1/2) / 2 + PE
    Total System Jitter     (TSJ):    0.050ns
    Discrete Jitter          (DJ):    0.105ns
    Phase Error              (PE):    0.097ns

    Location             Delay type                Incr(ns)  Path(ns)    Netlist Resource(s)
  -------------------------------------------------------------------    -------------------
                         (clock clk_out2_system_pll_0_0 rise edge)
                                                      1.750     1.750 r  
    U18                                               0.000     1.750 r  adc_clk_p_i (IN)
                         net (fo=0)                   0.000     1.750    system_i/pll_0/inst/clk_in1_p
    U18                  IBUFDS (Prop_ibufds_I_O)     0.401     2.151 r  system_i/pll_0/inst/clkin1_ibufgds/O
                         net (fo=1, routed)           0.627     2.779    system_i/pll_0/inst/clk_in1_system_pll_0_0_buf
    BUFGCTRL_X0Y4        BUFG (Prop_bufg_I_O)         0.027     2.806 r  system_i/pll_0/inst/clkin1_bufg1/O
                         net (fo=1, routed)           0.551     3.356    system_i/pll_0/inst/clk_in1_system_pll_0_0
    PLLE2_ADV_X0Y0       PLLE2_ADV (Prop_plle2_adv_CLKIN1_CLKOUT1)
                                                     -1.073     2.283 r  system_i/pll_0/inst/plle2_adv_inst/CLKOUT1
                         net (fo=1, routed)           0.497     2.780    system_i/pll_0/inst/clk_out2_system_pll_0_0
    BUFGCTRL_X0Y1        BUFG (Prop_bufg_I_O)         0.026     2.806 r  system_i/pll_0/inst/clkout2_buf/O
                         net (fo=1, routed)           0.578     3.383    system_i/dac_0/inst/ddr_clk
    OLOGIC_X0Y83         ODDR                                         r  system_i/dac_0/inst/ODDR_clk/C
  -------------------------------------------------------------------    -------------------
    OLOGIC_X0Y83         ODDR (Prop_oddr_C_Q)         0.177     3.560 r  system_i/dac_0/inst/ODDR_clk/Q
                         net (fo=1, routed)           0.001     3.561    dac_clk_o_OBUF
    M18                  OBUF (Prop_obuf_I_O)         1.409     4.970 r  dac_clk_o_OBUF_inst/O
                         net (fo=0)                   0.000     4.970    dac_clk_o
    M18                                                               r  dac_clk_o (OUT)
  -------------------------------------------------------------------    -------------------





--------------------------------------------------------------------------------------
Path Group:  (none)
From Clock:  clk_out3_system_pll_0_0
  To Clock:  

Max Delay             1 Endpoint
Min Delay             1 Endpoint
--------------------------------------------------------------------------------------


Max Delay Paths
--------------------------------------------------------------------------------------
Slack:                    inf
  Source:                 system_i/dac_0/inst/ODDR_wrt/C
                            (rising edge-triggered cell ODDR clocked by clk_out3_system_pll_0_0  {rise@2.250ns fall@4.250ns period=4.000ns})
  Destination:            dac_wrt_o
                            (output port)
  Path Group:             (none)
  Path Type:              Max at Slow Process Corner
  Data Path Delay:        3.725ns  (logic 3.724ns (99.973%)  route 0.001ns (0.027%))
  Logic Levels:           1  (OBUF=1)
  Clock Uncertainty:      0.155ns  ((TSJ^2 + DJ^2)^1/2) / 2 + PE
    Total System Jitter     (TSJ):    0.050ns
    Discrete Jitter          (DJ):    0.105ns
    Phase Error              (PE):    0.097ns

    Location             Delay type                Incr(ns)  Path(ns)    Netlist Resource(s)
  -------------------------------------------------------------------    -------------------
                         (clock clk_out3_system_pll_0_0 rise edge)
                                                      2.250     2.250 r  
    U18                                               0.000     2.250 r  adc_clk_p_i (IN)
                         net (fo=0)                   0.000     2.250    system_i/pll_0/inst/clk_in1_p
    U18                  IBUFDS (Prop_ibufds_I_O)     0.983     3.233 r  system_i/pll_0/inst/clkin1_ibufgds/O
                         net (fo=1, routed)           2.076     5.309    system_i/pll_0/inst/clk_in1_system_pll_0_0_buf
    BUFGCTRL_X0Y4        BUFG (Prop_bufg_I_O)         0.102     5.411 r  system_i/pll_0/inst/clkin1_bufg1/O
                         net (fo=1, routed)           1.702     7.113    system_i/pll_0/inst/clk_in1_system_pll_0_0
    PLLE2_ADV_X0Y0       PLLE2_ADV (Prop_plle2_adv_CLKIN1_CLKOUT2)
                                                     -3.557     3.556 r  system_i/pll_0/inst/plle2_adv_inst/CLKOUT2
                         net (fo=1, routed)           1.754     5.310    system_i/pll_0/inst/clk_out3_system_pll_0_0
    BUFGCTRL_X0Y2        BUFG (Prop_bufg_I_O)         0.101     5.411 r  system_i/pll_0/inst/clkout3_buf/O
                         net (fo=1, routed)           1.758     7.170    system_i/dac_0/inst/wrt_clk
    OLOGIC_X0Y84         ODDR                                         r  system_i/dac_0/inst/ODDR_wrt/C
  -------------------------------------------------------------------    -------------------
    OLOGIC_X0Y84         ODDR (Prop_oddr_C_Q)         0.472     7.642 r  system_i/dac_0/inst/ODDR_wrt/Q
                         net (fo=1, routed)           0.001     7.643    dac_wrt_o_OBUF
    M17                  OBUF (Prop_obuf_I_O)         3.252    10.894 r  dac_wrt_o_OBUF_inst/O
                         net (fo=0)                   0.000    10.894    dac_wrt_o
    M17                                                               r  dac_wrt_o (OUT)
  -------------------------------------------------------------------    -------------------





Min Delay Paths
--------------------------------------------------------------------------------------
Slack:                    inf
  Source:                 system_i/dac_0/inst/ODDR_wrt/C
                            (falling edge-triggered cell ODDR clocked by clk_out3_system_pll_0_0  {rise@2.250ns fall@4.250ns period=4.000ns})
  Destination:            dac_wrt_o
                            (output port)
  Path Group:             (none)
  Path Type:              Min at Fast Process Corner
  Data Path Delay:        1.593ns  (logic 1.592ns (99.937%)  route 0.001ns (0.063%))
  Logic Levels:           1  (OBUF=1)
  Clock Uncertainty:      0.155ns  ((TSJ^2 + DJ^2)^1/2) / 2 + PE
    Total System Jitter     (TSJ):    0.050ns
    Discrete Jitter          (DJ):    0.105ns
    Phase Error              (PE):    0.097ns

    Location             Delay type                Incr(ns)  Path(ns)    Netlist Resource(s)
  -------------------------------------------------------------------    -------------------
                         (clock clk_out3_system_pll_0_0 fall edge)
                                                      0.250     0.250 f  
    U18                                               0.000     0.250 f  adc_clk_p_i (IN)
                         net (fo=0)                   0.000     0.250    system_i/pll_0/inst/clk_in1_p
    U18                  IBUFDS (Prop_ibufds_I_O)     0.401     0.651 f  system_i/pll_0/inst/clkin1_ibufgds/O
                         net (fo=1, routed)           0.627     1.279    system_i/pll_0/inst/clk_in1_system_pll_0_0_buf
    BUFGCTRL_X0Y4        BUFG (Prop_bufg_I_O)         0.027     1.306 f  system_i/pll_0/inst/clkin1_bufg1/O
                         net (fo=1, routed)           0.551     1.856    system_i/pll_0/inst/clk_in1_system_pll_0_0
    PLLE2_ADV_X0Y0       PLLE2_ADV (Prop_plle2_adv_CLKIN1_CLKOUT2)
                                                     -1.073     0.783 f  system_i/pll_0/inst/plle2_adv_inst/CLKOUT2
                         net (fo=1, routed)           0.497     1.280    system_i/pll_0/inst/clk_out3_system_pll_0_0
    BUFGCTRL_X0Y2        BUFG (Prop_bufg_I_O)         0.026     1.306 f  system_i/pll_0/inst/clkout3_buf/O
                         net (fo=1, routed)           0.578     1.883    system_i/dac_0/inst/wrt_clk
    OLOGIC_X0Y84         ODDR                                         f  system_i/dac_0/inst/ODDR_wrt/C
  -------------------------------------------------------------------    -------------------
    OLOGIC_X0Y84         ODDR (Prop_oddr_C_Q)         0.177     2.060 r  system_i/dac_0/inst/ODDR_wrt/Q
                         net (fo=1, routed)           0.001     2.061    dac_wrt_o_OBUF
    M17                  OBUF (Prop_obuf_I_O)         1.415     3.476 r  dac_wrt_o_OBUF_inst/O
                         net (fo=0)                   0.000     3.476    dac_wrt_o
    M17                                                               r  dac_wrt_o (OUT)
  -------------------------------------------------------------------    -------------------





--------------------------------------------------------------------------------------
Path Group:  (none)
From Clock:  
  To Clock:  clk_out1_system_pll_0_0

Max Delay           180 Endpoints
Min Delay           180 Endpoints
--------------------------------------------------------------------------------------


Max Delay Paths
--------------------------------------------------------------------------------------
Slack:                    inf
  Source:                 system_wrapper/system/rx_0_imp_178AHDX/GMSK_Demod_imp_1G913PW/gmsk_discriminador_imp_1LMKRV4/system_cmpy_discriminator_0_0/<hidden>/<hidden>/<hidden>/<hidden>/<hidden>/<hidden>
                            (internal pin)
  Destination:            system_wrapper/system/rx_0_imp_178AHDX/GMSK_Demod_imp_1G913PW/gmsk_discriminador_imp_1LMKRV4/system_cmpy_discriminator_0_0/<hidden>/<hidden>/<hidden>/<hidden>/<hidden>/<hidden>
                            (rising edge-triggered cell DSP48E1 clocked by clk_out1_system_pll_0_0  {rise@0.000ns fall@4.000ns period=8.000ns})
  Path Group:             (none)
  Path Type:              Setup (Max at Slow Process Corner)
  Data Path Delay:        0.002ns  (logic 0.000ns (0.000%)  route 0.002ns (100.000%))
  Logic Levels:           0  
  Clock Uncertainty:      0.162ns  ((TSJ^2 + DJ^2)^1/2) / 2 + PE
    Total System Jitter     (TSJ):    0.050ns
    Discrete Jitter          (DJ):    0.119ns
    Phase Error              (PE):    0.097ns

    Location             Delay type                Incr(ns)  Path(ns)    Netlist Resource(s)
  -------------------------------------------------------------------    -------------------
    DSP48_X0Y11          DSP48E1                      0.000     0.000 r  system_wrapper/system/rx_0_imp_178AHDX/GMSK_Demod_imp_1G913PW/gmsk_discriminador_imp_1LMKRV4/system_cmpy_discriminator_0_0/<hidden>/<hidden>/<hidden>/<hidden>/<hidden>/<hidden>
                         net (fo=1, routed)           0.002     0.002    system_wrapper/system/rx_0_imp_178AHDX/GMSK_Demod_imp_1G913PW/gmsk_discriminador_imp_1LMKRV4/system_cmpy_discriminator_0_0/<hidden>/<hidden>/<hidden>/<hidden>/<hidden>/<hidden>
    DSP48_X0Y12          DSP48E1                                      r  system_wrapper/system/rx_0_imp_178AHDX/GMSK_Demod_imp_1G913PW/gmsk_discriminador_imp_1LMKRV4/system_cmpy_discriminator_0_0/<hidden>/<hidden>/<hidden>/<hidden>/<hidden>/<hidden>
  -------------------------------------------------------------------    -------------------

                         (clock clk_out1_system_pll_0_0 rise edge)
                                                      0.000     0.000 r  
    U18                                               0.000     0.000 r  adc_clk_p_i (IN)
                         net (fo=0)                   0.000     0.000    system_i/pll_0/inst/clk_in1_p
    U18                  IBUFDS (Prop_ibufds_I_O)     0.940     0.940 r  system_i/pll_0/inst/clkin1_ibufgds/O
                         net (fo=1, routed)           1.880     2.820    system_i/pll_0/inst/clk_in1_system_pll_0_0_buf
    BUFGCTRL_X0Y4        BUFG (Prop_bufg_I_O)         0.092     2.912 r  system_i/pll_0/inst/clkin1_bufg1/O
                         net (fo=1, routed)           1.509     4.421    system_i/pll_0/inst/clk_in1_system_pll_0_0
    PLLE2_ADV_X0Y0       PLLE2_ADV (Prop_plle2_adv_CLKIN1_CLKOUT0)
                                                     -3.194     1.227 r  system_i/pll_0/inst/plle2_adv_inst/CLKOUT0
                         net (fo=1, routed)           1.594     2.821    system_i/pll_0/inst/clk_out1_system_pll_0_0
    BUFGCTRL_X0Y0        BUFG (Prop_bufg_I_O)         0.091     2.912 r  system_i/pll_0/inst/clkout1_buf/O
                         net (fo=10074, routed)       1.587     4.499    system_wrapper/system/rx_0_imp_178AHDX/GMSK_Demod_imp_1G913PW/gmsk_discriminador_imp_1LMKRV4/system_cmpy_discriminator_0_0/<hidden>/<hidden>/<hidden>/<hidden>/<hidden>/<hidden>
    DSP48_X0Y12          DSP48E1                                      r  system_wrapper/system/rx_0_imp_178AHDX/GMSK_Demod_imp_1G913PW/gmsk_discriminador_imp_1LMKRV4/system_cmpy_discriminator_0_0/<hidden>/<hidden>/<hidden>/<hidden>/<hidden>/<hidden>

Slack:                    inf
  Source:                 system_wrapper/system/rx_0_imp_178AHDX/GMSK_Demod_imp_1G913PW/gmsk_discriminador_imp_1LMKRV4/system_cmpy_discriminator_0_0/<hidden>/<hidden>/<hidden>/<hidden>/<hidden>/<hidden>
                            (internal pin)
  Destination:            system_wrapper/system/rx_0_imp_178AHDX/GMSK_Demod_imp_1G913PW/gmsk_discriminador_imp_1LMKRV4/system_cmpy_discriminator_0_0/<hidden>/<hidden>/<hidden>/<hidden>/<hidden>/<hidden>
                            (rising edge-triggered cell DSP48E1 clocked by clk_out1_system_pll_0_0  {rise@0.000ns fall@4.000ns period=8.000ns})
  Path Group:             (none)
  Path Type:              Setup (Max at Slow Process Corner)
  Data Path Delay:        0.002ns  (logic 0.000ns (0.000%)  route 0.002ns (100.000%))
  Logic Levels:           0  
  Clock Uncertainty:      0.162ns  ((TSJ^2 + DJ^2)^1/2) / 2 + PE
    Total System Jitter     (TSJ):    0.050ns
    Discrete Jitter          (DJ):    0.119ns
    Phase Error              (PE):    0.097ns

    Location             Delay type                Incr(ns)  Path(ns)    Netlist Resource(s)
  -------------------------------------------------------------------    -------------------
    DSP48_X0Y11          DSP48E1                      0.000     0.000 r  system_wrapper/system/rx_0_imp_178AHDX/GMSK_Demod_imp_1G913PW/gmsk_discriminador_imp_1LMKRV4/system_cmpy_discriminator_0_0/<hidden>/<hidden>/<hidden>/<hidden>/<hidden>/<hidden>
                         net (fo=1, routed)           0.002     0.002    system_wrapper/system/rx_0_imp_178AHDX/GMSK_Demod_imp_1G913PW/gmsk_discriminador_imp_1LMKRV4/system_cmpy_discriminator_0_0/<hidden>/<hidden>/<hidden>/<hidden>/<hidden>/<hidden>
    DSP48_X0Y12          DSP48E1                                      r  system_wrapper/system/rx_0_imp_178AHDX/GMSK_Demod_imp_1G913PW/gmsk_discriminador_imp_1LMKRV4/system_cmpy_discriminator_0_0/<hidden>/<hidden>/<hidden>/<hidden>/<hidden>/<hidden>
  -------------------------------------------------------------------    -------------------

                         (clock clk_out1_system_pll_0_0 rise edge)
                                                      0.000     0.000 r  
    U18                                               0.000     0.000 r  adc_clk_p_i (IN)
                         net (fo=0)                   0.000     0.000    system_i/pll_0/inst/clk_in1_p
    U18                  IBUFDS (Prop_ibufds_I_O)     0.940     0.940 r  system_i/pll_0/inst/clkin1_ibufgds/O
                         net (fo=1, routed)           1.880     2.820    system_i/pll_0/inst/clk_in1_system_pll_0_0_buf
    BUFGCTRL_X0Y4        BUFG (Prop_bufg_I_O)         0.092     2.912 r  system_i/pll_0/inst/clkin1_bufg1/O
                         net (fo=1, routed)           1.509     4.421    system_i/pll_0/inst/clk_in1_system_pll_0_0
    PLLE2_ADV_X0Y0       PLLE2_ADV (Prop_plle2_adv_CLKIN1_CLKOUT0)
                                                     -3.194     1.227 r  system_i/pll_0/inst/plle2_adv_inst/CLKOUT0
                         net (fo=1, routed)           1.594     2.821    system_i/pll_0/inst/clk_out1_system_pll_0_0
    BUFGCTRL_X0Y0        BUFG (Prop_bufg_I_O)         0.091     2.912 r  system_i/pll_0/inst/clkout1_buf/O
                         net (fo=10074, routed)       1.587     4.499    system_wrapper/system/rx_0_imp_178AHDX/GMSK_Demod_imp_1G913PW/gmsk_discriminador_imp_1LMKRV4/system_cmpy_discriminator_0_0/<hidden>/<hidden>/<hidden>/<hidden>/<hidden>/<hidden>
    DSP48_X0Y12          DSP48E1                                      r  system_wrapper/system/rx_0_imp_178AHDX/GMSK_Demod_imp_1G913PW/gmsk_discriminador_imp_1LMKRV4/system_cmpy_discriminator_0_0/<hidden>/<hidden>/<hidden>/<hidden>/<hidden>/<hidden>

Slack:                    inf
  Source:                 system_wrapper/system/rx_0_imp_178AHDX/GMSK_Demod_imp_1G913PW/gmsk_discriminador_imp_1LMKRV4/system_cmpy_discriminator_0_0/<hidden>/<hidden>/<hidden>/<hidden>/<hidden>/<hidden>
                            (internal pin)
  Destination:            system_wrapper/system/rx_0_imp_178AHDX/GMSK_Demod_imp_1G913PW/gmsk_discriminador_imp_1LMKRV4/system_cmpy_discriminator_0_0/<hidden>/<hidden>/<hidden>/<hidden>/<hidden>/<hidden>
                            (rising edge-triggered cell DSP48E1 clocked by clk_out1_system_pll_0_0  {rise@0.000ns fall@4.000ns period=8.000ns})
  Path Group:             (none)
  Path Type:              Setup (Max at Slow Process Corner)
  Data Path Delay:        0.002ns  (logic 0.000ns (0.000%)  route 0.002ns (100.000%))
  Logic Levels:           0  
  Clock Uncertainty:      0.162ns  ((TSJ^2 + DJ^2)^1/2) / 2 + PE
    Total System Jitter     (TSJ):    0.050ns
    Discrete Jitter          (DJ):    0.119ns
    Phase Error              (PE):    0.097ns

    Location             Delay type                Incr(ns)  Path(ns)    Netlist Resource(s)
  -------------------------------------------------------------------    -------------------
    DSP48_X0Y11          DSP48E1                      0.000     0.000 r  system_wrapper/system/rx_0_imp_178AHDX/GMSK_Demod_imp_1G913PW/gmsk_discriminador_imp_1LMKRV4/system_cmpy_discriminator_0_0/<hidden>/<hidden>/<hidden>/<hidden>/<hidden>/<hidden>
                         net (fo=1, routed)           0.002     0.002    system_wrapper/system/rx_0_imp_178AHDX/GMSK_Demod_imp_1G913PW/gmsk_discriminador_imp_1LMKRV4/system_cmpy_discriminator_0_0/<hidden>/<hidden>/<hidden>/<hidden>/<hidden>/<hidden>
    DSP48_X0Y12          DSP48E1                                      r  system_wrapper/system/rx_0_imp_178AHDX/GMSK_Demod_imp_1G913PW/gmsk_discriminador_imp_1LMKRV4/system_cmpy_discriminator_0_0/<hidden>/<hidden>/<hidden>/<hidden>/<hidden>/<hidden>
  -------------------------------------------------------------------    -------------------

                         (clock clk_out1_system_pll_0_0 rise edge)
                                                      0.000     0.000 r  
    U18                                               0.000     0.000 r  adc_clk_p_i (IN)
                         net (fo=0)                   0.000     0.000    system_i/pll_0/inst/clk_in1_p
    U18                  IBUFDS (Prop_ibufds_I_O)     0.940     0.940 r  system_i/pll_0/inst/clkin1_ibufgds/O
                         net (fo=1, routed)           1.880     2.820    system_i/pll_0/inst/clk_in1_system_pll_0_0_buf
    BUFGCTRL_X0Y4        BUFG (Prop_bufg_I_O)         0.092     2.912 r  system_i/pll_0/inst/clkin1_bufg1/O
                         net (fo=1, routed)           1.509     4.421    system_i/pll_0/inst/clk_in1_system_pll_0_0
    PLLE2_ADV_X0Y0       PLLE2_ADV (Prop_plle2_adv_CLKIN1_CLKOUT0)
                                                     -3.194     1.227 r  system_i/pll_0/inst/plle2_adv_inst/CLKOUT0
                         net (fo=1, routed)           1.594     2.821    system_i/pll_0/inst/clk_out1_system_pll_0_0
    BUFGCTRL_X0Y0        BUFG (Prop_bufg_I_O)         0.091     2.912 r  system_i/pll_0/inst/clkout1_buf/O
                         net (fo=10074, routed)       1.587     4.499    system_wrapper/system/rx_0_imp_178AHDX/GMSK_Demod_imp_1G913PW/gmsk_discriminador_imp_1LMKRV4/system_cmpy_discriminator_0_0/<hidden>/<hidden>/<hidden>/<hidden>/<hidden>/<hidden>
    DSP48_X0Y12          DSP48E1                                      r  system_wrapper/system/rx_0_imp_178AHDX/GMSK_Demod_imp_1G913PW/gmsk_discriminador_imp_1LMKRV4/system_cmpy_discriminator_0_0/<hidden>/<hidden>/<hidden>/<hidden>/<hidden>/<hidden>

Slack:                    inf
  Source:                 system_wrapper/system/rx_0_imp_178AHDX/GMSK_Demod_imp_1G913PW/gmsk_discriminador_imp_1LMKRV4/system_cmpy_discriminator_0_0/<hidden>/<hidden>/<hidden>/<hidden>/<hidden>/<hidden>
                            (internal pin)
  Destination:            system_wrapper/system/rx_0_imp_178AHDX/GMSK_Demod_imp_1G913PW/gmsk_discriminador_imp_1LMKRV4/system_cmpy_discriminator_0_0/<hidden>/<hidden>/<hidden>/<hidden>/<hidden>/<hidden>
                            (rising edge-triggered cell DSP48E1 clocked by clk_out1_system_pll_0_0  {rise@0.000ns fall@4.000ns period=8.000ns})
  Path Group:             (none)
  Path Type:              Setup (Max at Slow Process Corner)
  Data Path Delay:        0.002ns  (logic 0.000ns (0.000%)  route 0.002ns (100.000%))
  Logic Levels:           0  
  Clock Uncertainty:      0.162ns  ((TSJ^2 + DJ^2)^1/2) / 2 + PE
    Total System Jitter     (TSJ):    0.050ns
    Discrete Jitter          (DJ):    0.119ns
    Phase Error              (PE):    0.097ns

    Location             Delay type                Incr(ns)  Path(ns)    Netlist Resource(s)
  -------------------------------------------------------------------    -------------------
    DSP48_X0Y11          DSP48E1                      0.000     0.000 r  system_wrapper/system/rx_0_imp_178AHDX/GMSK_Demod_imp_1G913PW/gmsk_discriminador_imp_1LMKRV4/system_cmpy_discriminator_0_0/<hidden>/<hidden>/<hidden>/<hidden>/<hidden>/<hidden>
                         net (fo=1, routed)           0.002     0.002    system_wrapper/system/rx_0_imp_178AHDX/GMSK_Demod_imp_1G913PW/gmsk_discriminador_imp_1LMKRV4/system_cmpy_discriminator_0_0/<hidden>/<hidden>/<hidden>/<hidden>/<hidden>/<hidden>
    DSP48_X0Y12          DSP48E1                                      r  system_wrapper/system/rx_0_imp_178AHDX/GMSK_Demod_imp_1G913PW/gmsk_discriminador_imp_1LMKRV4/system_cmpy_discriminator_0_0/<hidden>/<hidden>/<hidden>/<hidden>/<hidden>/<hidden>
  -------------------------------------------------------------------    -------------------

                         (clock clk_out1_system_pll_0_0 rise edge)
                                                      0.000     0.000 r  
    U18                                               0.000     0.000 r  adc_clk_p_i (IN)
                         net (fo=0)                   0.000     0.000    system_i/pll_0/inst/clk_in1_p
    U18                  IBUFDS (Prop_ibufds_I_O)     0.940     0.940 r  system_i/pll_0/inst/clkin1_ibufgds/O
                         net (fo=1, routed)           1.880     2.820    system_i/pll_0/inst/clk_in1_system_pll_0_0_buf
    BUFGCTRL_X0Y4        BUFG (Prop_bufg_I_O)         0.092     2.912 r  system_i/pll_0/inst/clkin1_bufg1/O
                         net (fo=1, routed)           1.509     4.421    system_i/pll_0/inst/clk_in1_system_pll_0_0
    PLLE2_ADV_X0Y0       PLLE2_ADV (Prop_plle2_adv_CLKIN1_CLKOUT0)
                                                     -3.194     1.227 r  system_i/pll_0/inst/plle2_adv_inst/CLKOUT0
                         net (fo=1, routed)           1.594     2.821    system_i/pll_0/inst/clk_out1_system_pll_0_0
    BUFGCTRL_X0Y0        BUFG (Prop_bufg_I_O)         0.091     2.912 r  system_i/pll_0/inst/clkout1_buf/O
                         net (fo=10074, routed)       1.587     4.499    system_wrapper/system/rx_0_imp_178AHDX/GMSK_Demod_imp_1G913PW/gmsk_discriminador_imp_1LMKRV4/system_cmpy_discriminator_0_0/<hidden>/<hidden>/<hidden>/<hidden>/<hidden>/<hidden>
    DSP48_X0Y12          DSP48E1                                      r  system_wrapper/system/rx_0_imp_178AHDX/GMSK_Demod_imp_1G913PW/gmsk_discriminador_imp_1LMKRV4/system_cmpy_discriminator_0_0/<hidden>/<hidden>/<hidden>/<hidden>/<hidden>/<hidden>

Slack:                    inf
  Source:                 system_wrapper/system/rx_0_imp_178AHDX/GMSK_Demod_imp_1G913PW/gmsk_discriminador_imp_1LMKRV4/system_cmpy_discriminator_0_0/<hidden>/<hidden>/<hidden>/<hidden>/<hidden>/<hidden>
                            (internal pin)
  Destination:            system_wrapper/system/rx_0_imp_178AHDX/GMSK_Demod_imp_1G913PW/gmsk_discriminador_imp_1LMKRV4/system_cmpy_discriminator_0_0/<hidden>/<hidden>/<hidden>/<hidden>/<hidden>/<hidden>
                            (rising edge-triggered cell DSP48E1 clocked by clk_out1_system_pll_0_0  {rise@0.000ns fall@4.000ns period=8.000ns})
  Path Group:             (none)
  Path Type:              Setup (Max at Slow Process Corner)
  Data Path Delay:        0.002ns  (logic 0.000ns (0.000%)  route 0.002ns (100.000%))
  Logic Levels:           0  
  Clock Uncertainty:      0.162ns  ((TSJ^2 + DJ^2)^1/2) / 2 + PE
    Total System Jitter     (TSJ):    0.050ns
    Discrete Jitter          (DJ):    0.119ns
    Phase Error              (PE):    0.097ns

    Location             Delay type                Incr(ns)  Path(ns)    Netlist Resource(s)
  -------------------------------------------------------------------    -------------------
    DSP48_X0Y11          DSP48E1                      0.000     0.000 r  system_wrapper/system/rx_0_imp_178AHDX/GMSK_Demod_imp_1G913PW/gmsk_discriminador_imp_1LMKRV4/system_cmpy_discriminator_0_0/<hidden>/<hidden>/<hidden>/<hidden>/<hidden>/<hidden>
                         net (fo=1, routed)           0.002     0.002    system_wrapper/system/rx_0_imp_178AHDX/GMSK_Demod_imp_1G913PW/gmsk_discriminador_imp_1LMKRV4/system_cmpy_discriminator_0_0/<hidden>/<hidden>/<hidden>/<hidden>/<hidden>/<hidden>
    DSP48_X0Y12          DSP48E1                                      r  system_wrapper/system/rx_0_imp_178AHDX/GMSK_Demod_imp_1G913PW/gmsk_discriminador_imp_1LMKRV4/system_cmpy_discriminator_0_0/<hidden>/<hidden>/<hidden>/<hidden>/<hidden>/<hidden>
  -------------------------------------------------------------------    -------------------

                         (clock clk_out1_system_pll_0_0 rise edge)
                                                      0.000     0.000 r  
    U18                                               0.000     0.000 r  adc_clk_p_i (IN)
                         net (fo=0)                   0.000     0.000    system_i/pll_0/inst/clk_in1_p
    U18                  IBUFDS (Prop_ibufds_I_O)     0.940     0.940 r  system_i/pll_0/inst/clkin1_ibufgds/O
                         net (fo=1, routed)           1.880     2.820    system_i/pll_0/inst/clk_in1_system_pll_0_0_buf
    BUFGCTRL_X0Y4        BUFG (Prop_bufg_I_O)         0.092     2.912 r  system_i/pll_0/inst/clkin1_bufg1/O
                         net (fo=1, routed)           1.509     4.421    system_i/pll_0/inst/clk_in1_system_pll_0_0
    PLLE2_ADV_X0Y0       PLLE2_ADV (Prop_plle2_adv_CLKIN1_CLKOUT0)
                                                     -3.194     1.227 r  system_i/pll_0/inst/plle2_adv_inst/CLKOUT0
                         net (fo=1, routed)           1.594     2.821    system_i/pll_0/inst/clk_out1_system_pll_0_0
    BUFGCTRL_X0Y0        BUFG (Prop_bufg_I_O)         0.091     2.912 r  system_i/pll_0/inst/clkout1_buf/O
                         net (fo=10074, routed)       1.587     4.499    system_wrapper/system/rx_0_imp_178AHDX/GMSK_Demod_imp_1G913PW/gmsk_discriminador_imp_1LMKRV4/system_cmpy_discriminator_0_0/<hidden>/<hidden>/<hidden>/<hidden>/<hidden>/<hidden>
    DSP48_X0Y12          DSP48E1                                      r  system_wrapper/system/rx_0_imp_178AHDX/GMSK_Demod_imp_1G913PW/gmsk_discriminador_imp_1LMKRV4/system_cmpy_discriminator_0_0/<hidden>/<hidden>/<hidden>/<hidden>/<hidden>/<hidden>

Slack:                    inf
  Source:                 system_wrapper/system/rx_0_imp_178AHDX/GMSK_Demod_imp_1G913PW/gmsk_discriminador_imp_1LMKRV4/system_cmpy_discriminator_0_0/<hidden>/<hidden>/<hidden>/<hidden>/<hidden>/<hidden>
                            (internal pin)
  Destination:            system_wrapper/system/rx_0_imp_178AHDX/GMSK_Demod_imp_1G913PW/gmsk_discriminador_imp_1LMKRV4/system_cmpy_discriminator_0_0/<hidden>/<hidden>/<hidden>/<hidden>/<hidden>/<hidden>
                            (rising edge-triggered cell DSP48E1 clocked by clk_out1_system_pll_0_0  {rise@0.000ns fall@4.000ns period=8.000ns})
  Path Group:             (none)
  Path Type:              Setup (Max at Slow Process Corner)
  Data Path Delay:        0.002ns  (logic 0.000ns (0.000%)  route 0.002ns (100.000%))
  Logic Levels:           0  
  Clock Uncertainty:      0.162ns  ((TSJ^2 + DJ^2)^1/2) / 2 + PE
    Total System Jitter     (TSJ):    0.050ns
    Discrete Jitter          (DJ):    0.119ns
    Phase Error              (PE):    0.097ns

    Location             Delay type                Incr(ns)  Path(ns)    Netlist Resource(s)
  -------------------------------------------------------------------    -------------------
    DSP48_X0Y11          DSP48E1                      0.000     0.000 r  system_wrapper/system/rx_0_imp_178AHDX/GMSK_Demod_imp_1G913PW/gmsk_discriminador_imp_1LMKRV4/system_cmpy_discriminator_0_0/<hidden>/<hidden>/<hidden>/<hidden>/<hidden>/<hidden>
                         net (fo=1, routed)           0.002     0.002    system_wrapper/system/rx_0_imp_178AHDX/GMSK_Demod_imp_1G913PW/gmsk_discriminador_imp_1LMKRV4/system_cmpy_discriminator_0_0/<hidden>/<hidden>/<hidden>/<hidden>/<hidden>/<hidden>
    DSP48_X0Y12          DSP48E1                                      r  system_wrapper/system/rx_0_imp_178AHDX/GMSK_Demod_imp_1G913PW/gmsk_discriminador_imp_1LMKRV4/system_cmpy_discriminator_0_0/<hidden>/<hidden>/<hidden>/<hidden>/<hidden>/<hidden>
  -------------------------------------------------------------------    -------------------

                         (clock clk_out1_system_pll_0_0 rise edge)
                                                      0.000     0.000 r  
    U18                                               0.000     0.000 r  adc_clk_p_i (IN)
                         net (fo=0)                   0.000     0.000    system_i/pll_0/inst/clk_in1_p
    U18                  IBUFDS (Prop_ibufds_I_O)     0.940     0.940 r  system_i/pll_0/inst/clkin1_ibufgds/O
                         net (fo=1, routed)           1.880     2.820    system_i/pll_0/inst/clk_in1_system_pll_0_0_buf
    BUFGCTRL_X0Y4        BUFG (Prop_bufg_I_O)         0.092     2.912 r  system_i/pll_0/inst/clkin1_bufg1/O
                         net (fo=1, routed)           1.509     4.421    system_i/pll_0/inst/clk_in1_system_pll_0_0
    PLLE2_ADV_X0Y0       PLLE2_ADV (Prop_plle2_adv_CLKIN1_CLKOUT0)
                                                     -3.194     1.227 r  system_i/pll_0/inst/plle2_adv_inst/CLKOUT0
                         net (fo=1, routed)           1.594     2.821    system_i/pll_0/inst/clk_out1_system_pll_0_0
    BUFGCTRL_X0Y0        BUFG (Prop_bufg_I_O)         0.091     2.912 r  system_i/pll_0/inst/clkout1_buf/O
                         net (fo=10074, routed)       1.587     4.499    system_wrapper/system/rx_0_imp_178AHDX/GMSK_Demod_imp_1G913PW/gmsk_discriminador_imp_1LMKRV4/system_cmpy_discriminator_0_0/<hidden>/<hidden>/<hidden>/<hidden>/<hidden>/<hidden>
    DSP48_X0Y12          DSP48E1                                      r  system_wrapper/system/rx_0_imp_178AHDX/GMSK_Demod_imp_1G913PW/gmsk_discriminador_imp_1LMKRV4/system_cmpy_discriminator_0_0/<hidden>/<hidden>/<hidden>/<hidden>/<hidden>/<hidden>

Slack:                    inf
  Source:                 system_wrapper/system/rx_0_imp_178AHDX/GMSK_Demod_imp_1G913PW/gmsk_discriminador_imp_1LMKRV4/system_cmpy_discriminator_0_0/<hidden>/<hidden>/<hidden>/<hidden>/<hidden>/<hidden>
                            (internal pin)
  Destination:            system_wrapper/system/rx_0_imp_178AHDX/GMSK_Demod_imp_1G913PW/gmsk_discriminador_imp_1LMKRV4/system_cmpy_discriminator_0_0/<hidden>/<hidden>/<hidden>/<hidden>/<hidden>/<hidden>
                            (rising edge-triggered cell DSP48E1 clocked by clk_out1_system_pll_0_0  {rise@0.000ns fall@4.000ns period=8.000ns})
  Path Group:             (none)
  Path Type:              Setup (Max at Slow Process Corner)
  Data Path Delay:        0.002ns  (logic 0.000ns (0.000%)  route 0.002ns (100.000%))
  Logic Levels:           0  
  Clock Uncertainty:      0.162ns  ((TSJ^2 + DJ^2)^1/2) / 2 + PE
    Total System Jitter     (TSJ):    0.050ns
    Discrete Jitter          (DJ):    0.119ns
    Phase Error              (PE):    0.097ns

    Location             Delay type                Incr(ns)  Path(ns)    Netlist Resource(s)
  -------------------------------------------------------------------    -------------------
    DSP48_X0Y11          DSP48E1                      0.000     0.000 r  system_wrapper/system/rx_0_imp_178AHDX/GMSK_Demod_imp_1G913PW/gmsk_discriminador_imp_1LMKRV4/system_cmpy_discriminator_0_0/<hidden>/<hidden>/<hidden>/<hidden>/<hidden>/<hidden>
                         net (fo=1, routed)           0.002     0.002    system_wrapper/system/rx_0_imp_178AHDX/GMSK_Demod_imp_1G913PW/gmsk_discriminador_imp_1LMKRV4/system_cmpy_discriminator_0_0/<hidden>/<hidden>/<hidden>/<hidden>/<hidden>/<hidden>
    DSP48_X0Y12          DSP48E1                                      r  system_wrapper/system/rx_0_imp_178AHDX/GMSK_Demod_imp_1G913PW/gmsk_discriminador_imp_1LMKRV4/system_cmpy_discriminator_0_0/<hidden>/<hidden>/<hidden>/<hidden>/<hidden>/<hidden>
  -------------------------------------------------------------------    -------------------

                         (clock clk_out1_system_pll_0_0 rise edge)
                                                      0.000     0.000 r  
    U18                                               0.000     0.000 r  adc_clk_p_i (IN)
                         net (fo=0)                   0.000     0.000    system_i/pll_0/inst/clk_in1_p
    U18                  IBUFDS (Prop_ibufds_I_O)     0.940     0.940 r  system_i/pll_0/inst/clkin1_ibufgds/O
                         net (fo=1, routed)           1.880     2.820    system_i/pll_0/inst/clk_in1_system_pll_0_0_buf
    BUFGCTRL_X0Y4        BUFG (Prop_bufg_I_O)         0.092     2.912 r  system_i/pll_0/inst/clkin1_bufg1/O
                         net (fo=1, routed)           1.509     4.421    system_i/pll_0/inst/clk_in1_system_pll_0_0
    PLLE2_ADV_X0Y0       PLLE2_ADV (Prop_plle2_adv_CLKIN1_CLKOUT0)
                                                     -3.194     1.227 r  system_i/pll_0/inst/plle2_adv_inst/CLKOUT0
                         net (fo=1, routed)           1.594     2.821    system_i/pll_0/inst/clk_out1_system_pll_0_0
    BUFGCTRL_X0Y0        BUFG (Prop_bufg_I_O)         0.091     2.912 r  system_i/pll_0/inst/clkout1_buf/O
                         net (fo=10074, routed)       1.587     4.499    system_wrapper/system/rx_0_imp_178AHDX/GMSK_Demod_imp_1G913PW/gmsk_discriminador_imp_1LMKRV4/system_cmpy_discriminator_0_0/<hidden>/<hidden>/<hidden>/<hidden>/<hidden>/<hidden>
    DSP48_X0Y12          DSP48E1                                      r  system_wrapper/system/rx_0_imp_178AHDX/GMSK_Demod_imp_1G913PW/gmsk_discriminador_imp_1LMKRV4/system_cmpy_discriminator_0_0/<hidden>/<hidden>/<hidden>/<hidden>/<hidden>/<hidden>

Slack:                    inf
  Source:                 system_wrapper/system/rx_0_imp_178AHDX/GMSK_Demod_imp_1G913PW/gmsk_discriminador_imp_1LMKRV4/system_cmpy_discriminator_0_0/<hidden>/<hidden>/<hidden>/<hidden>/<hidden>/<hidden>
                            (internal pin)
  Destination:            system_wrapper/system/rx_0_imp_178AHDX/GMSK_Demod_imp_1G913PW/gmsk_discriminador_imp_1LMKRV4/system_cmpy_discriminator_0_0/<hidden>/<hidden>/<hidden>/<hidden>/<hidden>/<hidden>
                            (rising edge-triggered cell DSP48E1 clocked by clk_out1_system_pll_0_0  {rise@0.000ns fall@4.000ns period=8.000ns})
  Path Group:             (none)
  Path Type:              Setup (Max at Slow Process Corner)
  Data Path Delay:        0.002ns  (logic 0.000ns (0.000%)  route 0.002ns (100.000%))
  Logic Levels:           0  
  Clock Uncertainty:      0.162ns  ((TSJ^2 + DJ^2)^1/2) / 2 + PE
    Total System Jitter     (TSJ):    0.050ns
    Discrete Jitter          (DJ):    0.119ns
    Phase Error              (PE):    0.097ns

    Location             Delay type                Incr(ns)  Path(ns)    Netlist Resource(s)
  -------------------------------------------------------------------    -------------------
    DSP48_X0Y11          DSP48E1                      0.000     0.000 r  system_wrapper/system/rx_0_imp_178AHDX/GMSK_Demod_imp_1G913PW/gmsk_discriminador_imp_1LMKRV4/system_cmpy_discriminator_0_0/<hidden>/<hidden>/<hidden>/<hidden>/<hidden>/<hidden>
                         net (fo=1, routed)           0.002     0.002    system_wrapper/system/rx_0_imp_178AHDX/GMSK_Demod_imp_1G913PW/gmsk_discriminador_imp_1LMKRV4/system_cmpy_discriminator_0_0/<hidden>/<hidden>/<hidden>/<hidden>/<hidden>/<hidden>
    DSP48_X0Y12          DSP48E1                                      r  system_wrapper/system/rx_0_imp_178AHDX/GMSK_Demod_imp_1G913PW/gmsk_discriminador_imp_1LMKRV4/system_cmpy_discriminator_0_0/<hidden>/<hidden>/<hidden>/<hidden>/<hidden>/<hidden>
  -------------------------------------------------------------------    -------------------

                         (clock clk_out1_system_pll_0_0 rise edge)
                                                      0.000     0.000 r  
    U18                                               0.000     0.000 r  adc_clk_p_i (IN)
                         net (fo=0)                   0.000     0.000    system_i/pll_0/inst/clk_in1_p
    U18                  IBUFDS (Prop_ibufds_I_O)     0.940     0.940 r  system_i/pll_0/inst/clkin1_ibufgds/O
                         net (fo=1, routed)           1.880     2.820    system_i/pll_0/inst/clk_in1_system_pll_0_0_buf
    BUFGCTRL_X0Y4        BUFG (Prop_bufg_I_O)         0.092     2.912 r  system_i/pll_0/inst/clkin1_bufg1/O
                         net (fo=1, routed)           1.509     4.421    system_i/pll_0/inst/clk_in1_system_pll_0_0
    PLLE2_ADV_X0Y0       PLLE2_ADV (Prop_plle2_adv_CLKIN1_CLKOUT0)
                                                     -3.194     1.227 r  system_i/pll_0/inst/plle2_adv_inst/CLKOUT0
                         net (fo=1, routed)           1.594     2.821    system_i/pll_0/inst/clk_out1_system_pll_0_0
    BUFGCTRL_X0Y0        BUFG (Prop_bufg_I_O)         0.091     2.912 r  system_i/pll_0/inst/clkout1_buf/O
                         net (fo=10074, routed)       1.587     4.499    system_wrapper/system/rx_0_imp_178AHDX/GMSK_Demod_imp_1G913PW/gmsk_discriminador_imp_1LMKRV4/system_cmpy_discriminator_0_0/<hidden>/<hidden>/<hidden>/<hidden>/<hidden>/<hidden>
    DSP48_X0Y12          DSP48E1                                      r  system_wrapper/system/rx_0_imp_178AHDX/GMSK_Demod_imp_1G913PW/gmsk_discriminador_imp_1LMKRV4/system_cmpy_discriminator_0_0/<hidden>/<hidden>/<hidden>/<hidden>/<hidden>/<hidden>

Slack:                    inf
  Source:                 system_wrapper/system/rx_0_imp_178AHDX/GMSK_Demod_imp_1G913PW/gmsk_discriminador_imp_1LMKRV4/system_cmpy_discriminator_0_0/<hidden>/<hidden>/<hidden>/<hidden>/<hidden>/<hidden>
                            (internal pin)
  Destination:            system_wrapper/system/rx_0_imp_178AHDX/GMSK_Demod_imp_1G913PW/gmsk_discriminador_imp_1LMKRV4/system_cmpy_discriminator_0_0/<hidden>/<hidden>/<hidden>/<hidden>/<hidden>/<hidden>
                            (rising edge-triggered cell DSP48E1 clocked by clk_out1_system_pll_0_0  {rise@0.000ns fall@4.000ns period=8.000ns})
  Path Group:             (none)
  Path Type:              Setup (Max at Slow Process Corner)
  Data Path Delay:        0.002ns  (logic 0.000ns (0.000%)  route 0.002ns (100.000%))
  Logic Levels:           0  
  Clock Uncertainty:      0.162ns  ((TSJ^2 + DJ^2)^1/2) / 2 + PE
    Total System Jitter     (TSJ):    0.050ns
    Discrete Jitter          (DJ):    0.119ns
    Phase Error              (PE):    0.097ns

    Location             Delay type                Incr(ns)  Path(ns)    Netlist Resource(s)
  -------------------------------------------------------------------    -------------------
    DSP48_X0Y11          DSP48E1                      0.000     0.000 r  system_wrapper/system/rx_0_imp_178AHDX/GMSK_Demod_imp_1G913PW/gmsk_discriminador_imp_1LMKRV4/system_cmpy_discriminator_0_0/<hidden>/<hidden>/<hidden>/<hidden>/<hidden>/<hidden>
                         net (fo=1, routed)           0.002     0.002    system_wrapper/system/rx_0_imp_178AHDX/GMSK_Demod_imp_1G913PW/gmsk_discriminador_imp_1LMKRV4/system_cmpy_discriminator_0_0/<hidden>/<hidden>/<hidden>/<hidden>/<hidden>/<hidden>
    DSP48_X0Y12          DSP48E1                                      r  system_wrapper/system/rx_0_imp_178AHDX/GMSK_Demod_imp_1G913PW/gmsk_discriminador_imp_1LMKRV4/system_cmpy_discriminator_0_0/<hidden>/<hidden>/<hidden>/<hidden>/<hidden>/<hidden>
  -------------------------------------------------------------------    -------------------

                         (clock clk_out1_system_pll_0_0 rise edge)
                                                      0.000     0.000 r  
    U18                                               0.000     0.000 r  adc_clk_p_i (IN)
                         net (fo=0)                   0.000     0.000    system_i/pll_0/inst/clk_in1_p
    U18                  IBUFDS (Prop_ibufds_I_O)     0.940     0.940 r  system_i/pll_0/inst/clkin1_ibufgds/O
                         net (fo=1, routed)           1.880     2.820    system_i/pll_0/inst/clk_in1_system_pll_0_0_buf
    BUFGCTRL_X0Y4        BUFG (Prop_bufg_I_O)         0.092     2.912 r  system_i/pll_0/inst/clkin1_bufg1/O
                         net (fo=1, routed)           1.509     4.421    system_i/pll_0/inst/clk_in1_system_pll_0_0
    PLLE2_ADV_X0Y0       PLLE2_ADV (Prop_plle2_adv_CLKIN1_CLKOUT0)
                                                     -3.194     1.227 r  system_i/pll_0/inst/plle2_adv_inst/CLKOUT0
                         net (fo=1, routed)           1.594     2.821    system_i/pll_0/inst/clk_out1_system_pll_0_0
    BUFGCTRL_X0Y0        BUFG (Prop_bufg_I_O)         0.091     2.912 r  system_i/pll_0/inst/clkout1_buf/O
                         net (fo=10074, routed)       1.587     4.499    system_wrapper/system/rx_0_imp_178AHDX/GMSK_Demod_imp_1G913PW/gmsk_discriminador_imp_1LMKRV4/system_cmpy_discriminator_0_0/<hidden>/<hidden>/<hidden>/<hidden>/<hidden>/<hidden>
    DSP48_X0Y12          DSP48E1                                      r  system_wrapper/system/rx_0_imp_178AHDX/GMSK_Demod_imp_1G913PW/gmsk_discriminador_imp_1LMKRV4/system_cmpy_discriminator_0_0/<hidden>/<hidden>/<hidden>/<hidden>/<hidden>/<hidden>

Slack:                    inf
  Source:                 system_wrapper/system/rx_0_imp_178AHDX/GMSK_Demod_imp_1G913PW/gmsk_discriminador_imp_1LMKRV4/system_cmpy_discriminator_0_0/<hidden>/<hidden>/<hidden>/<hidden>/<hidden>/<hidden>
                            (internal pin)
  Destination:            system_wrapper/system/rx_0_imp_178AHDX/GMSK_Demod_imp_1G913PW/gmsk_discriminador_imp_1LMKRV4/system_cmpy_discriminator_0_0/<hidden>/<hidden>/<hidden>/<hidden>/<hidden>/<hidden>
                            (rising edge-triggered cell DSP48E1 clocked by clk_out1_system_pll_0_0  {rise@0.000ns fall@4.000ns period=8.000ns})
  Path Group:             (none)
  Path Type:              Setup (Max at Slow Process Corner)
  Data Path Delay:        0.002ns  (logic 0.000ns (0.000%)  route 0.002ns (100.000%))
  Logic Levels:           0  
  Clock Uncertainty:      0.162ns  ((TSJ^2 + DJ^2)^1/2) / 2 + PE
    Total System Jitter     (TSJ):    0.050ns
    Discrete Jitter          (DJ):    0.119ns
    Phase Error              (PE):    0.097ns

    Location             Delay type                Incr(ns)  Path(ns)    Netlist Resource(s)
  -------------------------------------------------------------------    -------------------
    DSP48_X0Y11          DSP48E1                      0.000     0.000 r  system_wrapper/system/rx_0_imp_178AHDX/GMSK_Demod_imp_1G913PW/gmsk_discriminador_imp_1LMKRV4/system_cmpy_discriminator_0_0/<hidden>/<hidden>/<hidden>/<hidden>/<hidden>/<hidden>
                         net (fo=1, routed)           0.002     0.002    system_wrapper/system/rx_0_imp_178AHDX/GMSK_Demod_imp_1G913PW/gmsk_discriminador_imp_1LMKRV4/system_cmpy_discriminator_0_0/<hidden>/<hidden>/<hidden>/<hidden>/<hidden>/<hidden>
    DSP48_X0Y12          DSP48E1                                      r  system_wrapper/system/rx_0_imp_178AHDX/GMSK_Demod_imp_1G913PW/gmsk_discriminador_imp_1LMKRV4/system_cmpy_discriminator_0_0/<hidden>/<hidden>/<hidden>/<hidden>/<hidden>/<hidden>
  -------------------------------------------------------------------    -------------------

                         (clock clk_out1_system_pll_0_0 rise edge)
                                                      0.000     0.000 r  
    U18                                               0.000     0.000 r  adc_clk_p_i (IN)
                         net (fo=0)                   0.000     0.000    system_i/pll_0/inst/clk_in1_p
    U18                  IBUFDS (Prop_ibufds_I_O)     0.940     0.940 r  system_i/pll_0/inst/clkin1_ibufgds/O
                         net (fo=1, routed)           1.880     2.820    system_i/pll_0/inst/clk_in1_system_pll_0_0_buf
    BUFGCTRL_X0Y4        BUFG (Prop_bufg_I_O)         0.092     2.912 r  system_i/pll_0/inst/clkin1_bufg1/O
                         net (fo=1, routed)           1.509     4.421    system_i/pll_0/inst/clk_in1_system_pll_0_0
    PLLE2_ADV_X0Y0       PLLE2_ADV (Prop_plle2_adv_CLKIN1_CLKOUT0)
                                                     -3.194     1.227 r  system_i/pll_0/inst/plle2_adv_inst/CLKOUT0
                         net (fo=1, routed)           1.594     2.821    system_i/pll_0/inst/clk_out1_system_pll_0_0
    BUFGCTRL_X0Y0        BUFG (Prop_bufg_I_O)         0.091     2.912 r  system_i/pll_0/inst/clkout1_buf/O
                         net (fo=10074, routed)       1.587     4.499    system_wrapper/system/rx_0_imp_178AHDX/GMSK_Demod_imp_1G913PW/gmsk_discriminador_imp_1LMKRV4/system_cmpy_discriminator_0_0/<hidden>/<hidden>/<hidden>/<hidden>/<hidden>/<hidden>
    DSP48_X0Y12          DSP48E1                                      r  system_wrapper/system/rx_0_imp_178AHDX/GMSK_Demod_imp_1G913PW/gmsk_discriminador_imp_1LMKRV4/system_cmpy_discriminator_0_0/<hidden>/<hidden>/<hidden>/<hidden>/<hidden>/<hidden>





Min Delay Paths
--------------------------------------------------------------------------------------
Slack:                    inf
  Source:                 system_wrapper/system/rx_0_imp_178AHDX/GMSK_Demod_imp_1G913PW/gmsk_discriminador_imp_1LMKRV4/system_cmpy_discriminator_0_0/<hidden>/<hidden>/<hidden>/<hidden>/<hidden>/<hidden>
                            (internal pin)
  Destination:            system_wrapper/system/rx_0_imp_178AHDX/GMSK_Demod_imp_1G913PW/gmsk_discriminador_imp_1LMKRV4/system_cmpy_discriminator_0_0/<hidden>/<hidden>/<hidden>/<hidden>/<hidden>/<hidden>
                            (rising edge-triggered cell DSP48E1 clocked by clk_out1_system_pll_0_0  {rise@0.000ns fall@4.000ns period=8.000ns})
  Path Group:             (none)
  Path Type:              Hold (Min at Slow Process Corner)
  Data Path Delay:        0.002ns  (logic 0.000ns (0.000%)  route 0.002ns (100.000%))
  Logic Levels:           0  
  Clock Uncertainty:      0.162ns  ((TSJ^2 + DJ^2)^1/2) / 2 + PE
    Total System Jitter     (TSJ):    0.050ns
    Discrete Jitter          (DJ):    0.119ns
    Phase Error              (PE):    0.097ns

    Location             Delay type                Incr(ns)  Path(ns)    Netlist Resource(s)
  -------------------------------------------------------------------    -------------------
    DSP48_X0Y11          DSP48E1                      0.000     0.000 r  system_wrapper/system/rx_0_imp_178AHDX/GMSK_Demod_imp_1G913PW/gmsk_discriminador_imp_1LMKRV4/system_cmpy_discriminator_0_0/<hidden>/<hidden>/<hidden>/<hidden>/<hidden>/<hidden>
                         net (fo=1, routed)           0.002     0.002    system_wrapper/system/rx_0_imp_178AHDX/GMSK_Demod_imp_1G913PW/gmsk_discriminador_imp_1LMKRV4/system_cmpy_discriminator_0_0/<hidden>/<hidden>/<hidden>/<hidden>/<hidden>/<hidden>
    DSP48_X0Y12          DSP48E1                                      r  system_wrapper/system/rx_0_imp_178AHDX/GMSK_Demod_imp_1G913PW/gmsk_discriminador_imp_1LMKRV4/system_cmpy_discriminator_0_0/<hidden>/<hidden>/<hidden>/<hidden>/<hidden>/<hidden>
  -------------------------------------------------------------------    -------------------

                         (clock clk_out1_system_pll_0_0 rise edge)
                                                      0.000     0.000 r  
    U18                                               0.000     0.000 r  adc_clk_p_i (IN)
                         net (fo=0)                   0.000     0.000    system_i/pll_0/inst/clk_in1_p
    U18                  IBUFDS (Prop_ibufds_I_O)     0.983     0.983 r  system_i/pll_0/inst/clkin1_ibufgds/O
                         net (fo=1, routed)           2.076     3.059    system_i/pll_0/inst/clk_in1_system_pll_0_0_buf
    BUFGCTRL_X0Y4        BUFG (Prop_bufg_I_O)         0.102     3.161 r  system_i/pll_0/inst/clkin1_bufg1/O
                         net (fo=1, routed)           1.702     4.863    system_i/pll_0/inst/clk_in1_system_pll_0_0
    PLLE2_ADV_X0Y0       PLLE2_ADV (Prop_plle2_adv_CLKIN1_CLKOUT0)
                                                     -3.557     1.306 r  system_i/pll_0/inst/plle2_adv_inst/CLKOUT0
                         net (fo=1, routed)           1.754     3.060    system_i/pll_0/inst/clk_out1_system_pll_0_0
    BUFGCTRL_X0Y0        BUFG (Prop_bufg_I_O)         0.101     3.161 r  system_i/pll_0/inst/clkout1_buf/O
                         net (fo=10074, routed)       1.760     4.921    system_wrapper/system/rx_0_imp_178AHDX/GMSK_Demod_imp_1G913PW/gmsk_discriminador_imp_1LMKRV4/system_cmpy_discriminator_0_0/<hidden>/<hidden>/<hidden>/<hidden>/<hidden>/<hidden>
    DSP48_X0Y12          DSP48E1                                      r  system_wrapper/system/rx_0_imp_178AHDX/GMSK_Demod_imp_1G913PW/gmsk_discriminador_imp_1LMKRV4/system_cmpy_discriminator_0_0/<hidden>/<hidden>/<hidden>/<hidden>/<hidden>/<hidden>

Slack:                    inf
  Source:                 system_wrapper/system/rx_0_imp_178AHDX/GMSK_Demod_imp_1G913PW/gmsk_discriminador_imp_1LMKRV4/system_cmpy_discriminator_0_0/<hidden>/<hidden>/<hidden>/<hidden>/<hidden>/<hidden>
                            (internal pin)
  Destination:            system_wrapper/system/rx_0_imp_178AHDX/GMSK_Demod_imp_1G913PW/gmsk_discriminador_imp_1LMKRV4/system_cmpy_discriminator_0_0/<hidden>/<hidden>/<hidden>/<hidden>/<hidden>/<hidden>
                            (rising edge-triggered cell DSP48E1 clocked by clk_out1_system_pll_0_0  {rise@0.000ns fall@4.000ns period=8.000ns})
  Path Group:             (none)
  Path Type:              Hold (Min at Slow Process Corner)
  Data Path Delay:        0.002ns  (logic 0.000ns (0.000%)  route 0.002ns (100.000%))
  Logic Levels:           0  
  Clock Uncertainty:      0.162ns  ((TSJ^2 + DJ^2)^1/2) / 2 + PE
    Total System Jitter     (TSJ):    0.050ns
    Discrete Jitter          (DJ):    0.119ns
    Phase Error              (PE):    0.097ns

    Location             Delay type                Incr(ns)  Path(ns)    Netlist Resource(s)
  -------------------------------------------------------------------    -------------------
    DSP48_X0Y11          DSP48E1                      0.000     0.000 r  system_wrapper/system/rx_0_imp_178AHDX/GMSK_Demod_imp_1G913PW/gmsk_discriminador_imp_1LMKRV4/system_cmpy_discriminator_0_0/<hidden>/<hidden>/<hidden>/<hidden>/<hidden>/<hidden>
                         net (fo=1, routed)           0.002     0.002    system_wrapper/system/rx_0_imp_178AHDX/GMSK_Demod_imp_1G913PW/gmsk_discriminador_imp_1LMKRV4/system_cmpy_discriminator_0_0/<hidden>/<hidden>/<hidden>/<hidden>/<hidden>/<hidden>
    DSP48_X0Y12          DSP48E1                                      r  system_wrapper/system/rx_0_imp_178AHDX/GMSK_Demod_imp_1G913PW/gmsk_discriminador_imp_1LMKRV4/system_cmpy_discriminator_0_0/<hidden>/<hidden>/<hidden>/<hidden>/<hidden>/<hidden>
  -------------------------------------------------------------------    -------------------

                         (clock clk_out1_system_pll_0_0 rise edge)
                                                      0.000     0.000 r  
    U18                                               0.000     0.000 r  adc_clk_p_i (IN)
                         net (fo=0)                   0.000     0.000    system_i/pll_0/inst/clk_in1_p
    U18                  IBUFDS (Prop_ibufds_I_O)     0.983     0.983 r  system_i/pll_0/inst/clkin1_ibufgds/O
                         net (fo=1, routed)           2.076     3.059    system_i/pll_0/inst/clk_in1_system_pll_0_0_buf
    BUFGCTRL_X0Y4        BUFG (Prop_bufg_I_O)         0.102     3.161 r  system_i/pll_0/inst/clkin1_bufg1/O
                         net (fo=1, routed)           1.702     4.863    system_i/pll_0/inst/clk_in1_system_pll_0_0
    PLLE2_ADV_X0Y0       PLLE2_ADV (Prop_plle2_adv_CLKIN1_CLKOUT0)
                                                     -3.557     1.306 r  system_i/pll_0/inst/plle2_adv_inst/CLKOUT0
                         net (fo=1, routed)           1.754     3.060    system_i/pll_0/inst/clk_out1_system_pll_0_0
    BUFGCTRL_X0Y0        BUFG (Prop_bufg_I_O)         0.101     3.161 r  system_i/pll_0/inst/clkout1_buf/O
                         net (fo=10074, routed)       1.760     4.921    system_wrapper/system/rx_0_imp_178AHDX/GMSK_Demod_imp_1G913PW/gmsk_discriminador_imp_1LMKRV4/system_cmpy_discriminator_0_0/<hidden>/<hidden>/<hidden>/<hidden>/<hidden>/<hidden>
    DSP48_X0Y12          DSP48E1                                      r  system_wrapper/system/rx_0_imp_178AHDX/GMSK_Demod_imp_1G913PW/gmsk_discriminador_imp_1LMKRV4/system_cmpy_discriminator_0_0/<hidden>/<hidden>/<hidden>/<hidden>/<hidden>/<hidden>

Slack:                    inf
  Source:                 system_wrapper/system/rx_0_imp_178AHDX/GMSK_Demod_imp_1G913PW/gmsk_discriminador_imp_1LMKRV4/system_cmpy_discriminator_0_0/<hidden>/<hidden>/<hidden>/<hidden>/<hidden>/<hidden>
                            (internal pin)
  Destination:            system_wrapper/system/rx_0_imp_178AHDX/GMSK_Demod_imp_1G913PW/gmsk_discriminador_imp_1LMKRV4/system_cmpy_discriminator_0_0/<hidden>/<hidden>/<hidden>/<hidden>/<hidden>/<hidden>
                            (rising edge-triggered cell DSP48E1 clocked by clk_out1_system_pll_0_0  {rise@0.000ns fall@4.000ns period=8.000ns})
  Path Group:             (none)
  Path Type:              Hold (Min at Slow Process Corner)
  Data Path Delay:        0.002ns  (logic 0.000ns (0.000%)  route 0.002ns (100.000%))
  Logic Levels:           0  
  Clock Uncertainty:      0.162ns  ((TSJ^2 + DJ^2)^1/2) / 2 + PE
    Total System Jitter     (TSJ):    0.050ns
    Discrete Jitter          (DJ):    0.119ns
    Phase Error              (PE):    0.097ns

    Location             Delay type                Incr(ns)  Path(ns)    Netlist Resource(s)
  -------------------------------------------------------------------    -------------------
    DSP48_X0Y11          DSP48E1                      0.000     0.000 r  system_wrapper/system/rx_0_imp_178AHDX/GMSK_Demod_imp_1G913PW/gmsk_discriminador_imp_1LMKRV4/system_cmpy_discriminator_0_0/<hidden>/<hidden>/<hidden>/<hidden>/<hidden>/<hidden>
                         net (fo=1, routed)           0.002     0.002    system_wrapper/system/rx_0_imp_178AHDX/GMSK_Demod_imp_1G913PW/gmsk_discriminador_imp_1LMKRV4/system_cmpy_discriminator_0_0/<hidden>/<hidden>/<hidden>/<hidden>/<hidden>/<hidden>
    DSP48_X0Y12          DSP48E1                                      r  system_wrapper/system/rx_0_imp_178AHDX/GMSK_Demod_imp_1G913PW/gmsk_discriminador_imp_1LMKRV4/system_cmpy_discriminator_0_0/<hidden>/<hidden>/<hidden>/<hidden>/<hidden>/<hidden>
  -------------------------------------------------------------------    -------------------

                         (clock clk_out1_system_pll_0_0 rise edge)
                                                      0.000     0.000 r  
    U18                                               0.000     0.000 r  adc_clk_p_i (IN)
                         net (fo=0)                   0.000     0.000    system_i/pll_0/inst/clk_in1_p
    U18                  IBUFDS (Prop_ibufds_I_O)     0.983     0.983 r  system_i/pll_0/inst/clkin1_ibufgds/O
                         net (fo=1, routed)           2.076     3.059    system_i/pll_0/inst/clk_in1_system_pll_0_0_buf
    BUFGCTRL_X0Y4        BUFG (Prop_bufg_I_O)         0.102     3.161 r  system_i/pll_0/inst/clkin1_bufg1/O
                         net (fo=1, routed)           1.702     4.863    system_i/pll_0/inst/clk_in1_system_pll_0_0
    PLLE2_ADV_X0Y0       PLLE2_ADV (Prop_plle2_adv_CLKIN1_CLKOUT0)
                                                     -3.557     1.306 r  system_i/pll_0/inst/plle2_adv_inst/CLKOUT0
                         net (fo=1, routed)           1.754     3.060    system_i/pll_0/inst/clk_out1_system_pll_0_0
    BUFGCTRL_X0Y0        BUFG (Prop_bufg_I_O)         0.101     3.161 r  system_i/pll_0/inst/clkout1_buf/O
                         net (fo=10074, routed)       1.760     4.921    system_wrapper/system/rx_0_imp_178AHDX/GMSK_Demod_imp_1G913PW/gmsk_discriminador_imp_1LMKRV4/system_cmpy_discriminator_0_0/<hidden>/<hidden>/<hidden>/<hidden>/<hidden>/<hidden>
    DSP48_X0Y12          DSP48E1                                      r  system_wrapper/system/rx_0_imp_178AHDX/GMSK_Demod_imp_1G913PW/gmsk_discriminador_imp_1LMKRV4/system_cmpy_discriminator_0_0/<hidden>/<hidden>/<hidden>/<hidden>/<hidden>/<hidden>

Slack:                    inf
  Source:                 system_wrapper/system/rx_0_imp_178AHDX/GMSK_Demod_imp_1G913PW/gmsk_discriminador_imp_1LMKRV4/system_cmpy_discriminator_0_0/<hidden>/<hidden>/<hidden>/<hidden>/<hidden>/<hidden>
                            (internal pin)
  Destination:            system_wrapper/system/rx_0_imp_178AHDX/GMSK_Demod_imp_1G913PW/gmsk_discriminador_imp_1LMKRV4/system_cmpy_discriminator_0_0/<hidden>/<hidden>/<hidden>/<hidden>/<hidden>/<hidden>
                            (rising edge-triggered cell DSP48E1 clocked by clk_out1_system_pll_0_0  {rise@0.000ns fall@4.000ns period=8.000ns})
  Path Group:             (none)
  Path Type:              Hold (Min at Slow Process Corner)
  Data Path Delay:        0.002ns  (logic 0.000ns (0.000%)  route 0.002ns (100.000%))
  Logic Levels:           0  
  Clock Uncertainty:      0.162ns  ((TSJ^2 + DJ^2)^1/2) / 2 + PE
    Total System Jitter     (TSJ):    0.050ns
    Discrete Jitter          (DJ):    0.119ns
    Phase Error              (PE):    0.097ns

    Location             Delay type                Incr(ns)  Path(ns)    Netlist Resource(s)
  -------------------------------------------------------------------    -------------------
    DSP48_X0Y11          DSP48E1                      0.000     0.000 r  system_wrapper/system/rx_0_imp_178AHDX/GMSK_Demod_imp_1G913PW/gmsk_discriminador_imp_1LMKRV4/system_cmpy_discriminator_0_0/<hidden>/<hidden>/<hidden>/<hidden>/<hidden>/<hidden>
                         net (fo=1, routed)           0.002     0.002    system_wrapper/system/rx_0_imp_178AHDX/GMSK_Demod_imp_1G913PW/gmsk_discriminador_imp_1LMKRV4/system_cmpy_discriminator_0_0/<hidden>/<hidden>/<hidden>/<hidden>/<hidden>/<hidden>
    DSP48_X0Y12          DSP48E1                                      r  system_wrapper/system/rx_0_imp_178AHDX/GMSK_Demod_imp_1G913PW/gmsk_discriminador_imp_1LMKRV4/system_cmpy_discriminator_0_0/<hidden>/<hidden>/<hidden>/<hidden>/<hidden>/<hidden>
  -------------------------------------------------------------------    -------------------

                         (clock clk_out1_system_pll_0_0 rise edge)
                                                      0.000     0.000 r  
    U18                                               0.000     0.000 r  adc_clk_p_i (IN)
                         net (fo=0)                   0.000     0.000    system_i/pll_0/inst/clk_in1_p
    U18                  IBUFDS (Prop_ibufds_I_O)     0.983     0.983 r  system_i/pll_0/inst/clkin1_ibufgds/O
                         net (fo=1, routed)           2.076     3.059    system_i/pll_0/inst/clk_in1_system_pll_0_0_buf
    BUFGCTRL_X0Y4        BUFG (Prop_bufg_I_O)         0.102     3.161 r  system_i/pll_0/inst/clkin1_bufg1/O
                         net (fo=1, routed)           1.702     4.863    system_i/pll_0/inst/clk_in1_system_pll_0_0
    PLLE2_ADV_X0Y0       PLLE2_ADV (Prop_plle2_adv_CLKIN1_CLKOUT0)
                                                     -3.557     1.306 r  system_i/pll_0/inst/plle2_adv_inst/CLKOUT0
                         net (fo=1, routed)           1.754     3.060    system_i/pll_0/inst/clk_out1_system_pll_0_0
    BUFGCTRL_X0Y0        BUFG (Prop_bufg_I_O)         0.101     3.161 r  system_i/pll_0/inst/clkout1_buf/O
                         net (fo=10074, routed)       1.760     4.921    system_wrapper/system/rx_0_imp_178AHDX/GMSK_Demod_imp_1G913PW/gmsk_discriminador_imp_1LMKRV4/system_cmpy_discriminator_0_0/<hidden>/<hidden>/<hidden>/<hidden>/<hidden>/<hidden>
    DSP48_X0Y12          DSP48E1                                      r  system_wrapper/system/rx_0_imp_178AHDX/GMSK_Demod_imp_1G913PW/gmsk_discriminador_imp_1LMKRV4/system_cmpy_discriminator_0_0/<hidden>/<hidden>/<hidden>/<hidden>/<hidden>/<hidden>

Slack:                    inf
  Source:                 system_wrapper/system/rx_0_imp_178AHDX/GMSK_Demod_imp_1G913PW/gmsk_discriminador_imp_1LMKRV4/system_cmpy_discriminator_0_0/<hidden>/<hidden>/<hidden>/<hidden>/<hidden>/<hidden>
                            (internal pin)
  Destination:            system_wrapper/system/rx_0_imp_178AHDX/GMSK_Demod_imp_1G913PW/gmsk_discriminador_imp_1LMKRV4/system_cmpy_discriminator_0_0/<hidden>/<hidden>/<hidden>/<hidden>/<hidden>/<hidden>
                            (rising edge-triggered cell DSP48E1 clocked by clk_out1_system_pll_0_0  {rise@0.000ns fall@4.000ns period=8.000ns})
  Path Group:             (none)
  Path Type:              Hold (Min at Slow Process Corner)
  Data Path Delay:        0.002ns  (logic 0.000ns (0.000%)  route 0.002ns (100.000%))
  Logic Levels:           0  
  Clock Uncertainty:      0.162ns  ((TSJ^2 + DJ^2)^1/2) / 2 + PE
    Total System Jitter     (TSJ):    0.050ns
    Discrete Jitter          (DJ):    0.119ns
    Phase Error              (PE):    0.097ns

    Location             Delay type                Incr(ns)  Path(ns)    Netlist Resource(s)
  -------------------------------------------------------------------    -------------------
    DSP48_X0Y11          DSP48E1                      0.000     0.000 r  system_wrapper/system/rx_0_imp_178AHDX/GMSK_Demod_imp_1G913PW/gmsk_discriminador_imp_1LMKRV4/system_cmpy_discriminator_0_0/<hidden>/<hidden>/<hidden>/<hidden>/<hidden>/<hidden>
                         net (fo=1, routed)           0.002     0.002    system_wrapper/system/rx_0_imp_178AHDX/GMSK_Demod_imp_1G913PW/gmsk_discriminador_imp_1LMKRV4/system_cmpy_discriminator_0_0/<hidden>/<hidden>/<hidden>/<hidden>/<hidden>/<hidden>
    DSP48_X0Y12          DSP48E1                                      r  system_wrapper/system/rx_0_imp_178AHDX/GMSK_Demod_imp_1G913PW/gmsk_discriminador_imp_1LMKRV4/system_cmpy_discriminator_0_0/<hidden>/<hidden>/<hidden>/<hidden>/<hidden>/<hidden>
  -------------------------------------------------------------------    -------------------

                         (clock clk_out1_system_pll_0_0 rise edge)
                                                      0.000     0.000 r  
    U18                                               0.000     0.000 r  adc_clk_p_i (IN)
                         net (fo=0)                   0.000     0.000    system_i/pll_0/inst/clk_in1_p
    U18                  IBUFDS (Prop_ibufds_I_O)     0.983     0.983 r  system_i/pll_0/inst/clkin1_ibufgds/O
                         net (fo=1, routed)           2.076     3.059    system_i/pll_0/inst/clk_in1_system_pll_0_0_buf
    BUFGCTRL_X0Y4        BUFG (Prop_bufg_I_O)         0.102     3.161 r  system_i/pll_0/inst/clkin1_bufg1/O
                         net (fo=1, routed)           1.702     4.863    system_i/pll_0/inst/clk_in1_system_pll_0_0
    PLLE2_ADV_X0Y0       PLLE2_ADV (Prop_plle2_adv_CLKIN1_CLKOUT0)
                                                     -3.557     1.306 r  system_i/pll_0/inst/plle2_adv_inst/CLKOUT0
                         net (fo=1, routed)           1.754     3.060    system_i/pll_0/inst/clk_out1_system_pll_0_0
    BUFGCTRL_X0Y0        BUFG (Prop_bufg_I_O)         0.101     3.161 r  system_i/pll_0/inst/clkout1_buf/O
                         net (fo=10074, routed)       1.760     4.921    system_wrapper/system/rx_0_imp_178AHDX/GMSK_Demod_imp_1G913PW/gmsk_discriminador_imp_1LMKRV4/system_cmpy_discriminator_0_0/<hidden>/<hidden>/<hidden>/<hidden>/<hidden>/<hidden>
    DSP48_X0Y12          DSP48E1                                      r  system_wrapper/system/rx_0_imp_178AHDX/GMSK_Demod_imp_1G913PW/gmsk_discriminador_imp_1LMKRV4/system_cmpy_discriminator_0_0/<hidden>/<hidden>/<hidden>/<hidden>/<hidden>/<hidden>

Slack:                    inf
  Source:                 system_wrapper/system/rx_0_imp_178AHDX/GMSK_Demod_imp_1G913PW/gmsk_discriminador_imp_1LMKRV4/system_cmpy_discriminator_0_0/<hidden>/<hidden>/<hidden>/<hidden>/<hidden>/<hidden>
                            (internal pin)
  Destination:            system_wrapper/system/rx_0_imp_178AHDX/GMSK_Demod_imp_1G913PW/gmsk_discriminador_imp_1LMKRV4/system_cmpy_discriminator_0_0/<hidden>/<hidden>/<hidden>/<hidden>/<hidden>/<hidden>
                            (rising edge-triggered cell DSP48E1 clocked by clk_out1_system_pll_0_0  {rise@0.000ns fall@4.000ns period=8.000ns})
  Path Group:             (none)
  Path Type:              Hold (Min at Slow Process Corner)
  Data Path Delay:        0.002ns  (logic 0.000ns (0.000%)  route 0.002ns (100.000%))
  Logic Levels:           0  
  Clock Uncertainty:      0.162ns  ((TSJ^2 + DJ^2)^1/2) / 2 + PE
    Total System Jitter     (TSJ):    0.050ns
    Discrete Jitter          (DJ):    0.119ns
    Phase Error              (PE):    0.097ns

    Location             Delay type                Incr(ns)  Path(ns)    Netlist Resource(s)
  -------------------------------------------------------------------    -------------------
    DSP48_X0Y11          DSP48E1                      0.000     0.000 r  system_wrapper/system/rx_0_imp_178AHDX/GMSK_Demod_imp_1G913PW/gmsk_discriminador_imp_1LMKRV4/system_cmpy_discriminator_0_0/<hidden>/<hidden>/<hidden>/<hidden>/<hidden>/<hidden>
                         net (fo=1, routed)           0.002     0.002    system_wrapper/system/rx_0_imp_178AHDX/GMSK_Demod_imp_1G913PW/gmsk_discriminador_imp_1LMKRV4/system_cmpy_discriminator_0_0/<hidden>/<hidden>/<hidden>/<hidden>/<hidden>/<hidden>
    DSP48_X0Y12          DSP48E1                                      r  system_wrapper/system/rx_0_imp_178AHDX/GMSK_Demod_imp_1G913PW/gmsk_discriminador_imp_1LMKRV4/system_cmpy_discriminator_0_0/<hidden>/<hidden>/<hidden>/<hidden>/<hidden>/<hidden>
  -------------------------------------------------------------------    -------------------

                         (clock clk_out1_system_pll_0_0 rise edge)
                                                      0.000     0.000 r  
    U18                                               0.000     0.000 r  adc_clk_p_i (IN)
                         net (fo=0)                   0.000     0.000    system_i/pll_0/inst/clk_in1_p
    U18                  IBUFDS (Prop_ibufds_I_O)     0.983     0.983 r  system_i/pll_0/inst/clkin1_ibufgds/O
                         net (fo=1, routed)           2.076     3.059    system_i/pll_0/inst/clk_in1_system_pll_0_0_buf
    BUFGCTRL_X0Y4        BUFG (Prop_bufg_I_O)         0.102     3.161 r  system_i/pll_0/inst/clkin1_bufg1/O
                         net (fo=1, routed)           1.702     4.863    system_i/pll_0/inst/clk_in1_system_pll_0_0
    PLLE2_ADV_X0Y0       PLLE2_ADV (Prop_plle2_adv_CLKIN1_CLKOUT0)
                                                     -3.557     1.306 r  system_i/pll_0/inst/plle2_adv_inst/CLKOUT0
                         net (fo=1, routed)           1.754     3.060    system_i/pll_0/inst/clk_out1_system_pll_0_0
    BUFGCTRL_X0Y0        BUFG (Prop_bufg_I_O)         0.101     3.161 r  system_i/pll_0/inst/clkout1_buf/O
                         net (fo=10074, routed)       1.760     4.921    system_wrapper/system/rx_0_imp_178AHDX/GMSK_Demod_imp_1G913PW/gmsk_discriminador_imp_1LMKRV4/system_cmpy_discriminator_0_0/<hidden>/<hidden>/<hidden>/<hidden>/<hidden>/<hidden>
    DSP48_X0Y12          DSP48E1                                      r  system_wrapper/system/rx_0_imp_178AHDX/GMSK_Demod_imp_1G913PW/gmsk_discriminador_imp_1LMKRV4/system_cmpy_discriminator_0_0/<hidden>/<hidden>/<hidden>/<hidden>/<hidden>/<hidden>

Slack:                    inf
  Source:                 system_wrapper/system/rx_0_imp_178AHDX/GMSK_Demod_imp_1G913PW/gmsk_discriminador_imp_1LMKRV4/system_cmpy_discriminator_0_0/<hidden>/<hidden>/<hidden>/<hidden>/<hidden>/<hidden>
                            (internal pin)
  Destination:            system_wrapper/system/rx_0_imp_178AHDX/GMSK_Demod_imp_1G913PW/gmsk_discriminador_imp_1LMKRV4/system_cmpy_discriminator_0_0/<hidden>/<hidden>/<hidden>/<hidden>/<hidden>/<hidden>
                            (rising edge-triggered cell DSP48E1 clocked by clk_out1_system_pll_0_0  {rise@0.000ns fall@4.000ns period=8.000ns})
  Path Group:             (none)
  Path Type:              Hold (Min at Slow Process Corner)
  Data Path Delay:        0.002ns  (logic 0.000ns (0.000%)  route 0.002ns (100.000%))
  Logic Levels:           0  
  Clock Uncertainty:      0.162ns  ((TSJ^2 + DJ^2)^1/2) / 2 + PE
    Total System Jitter     (TSJ):    0.050ns
    Discrete Jitter          (DJ):    0.119ns
    Phase Error              (PE):    0.097ns

    Location             Delay type                Incr(ns)  Path(ns)    Netlist Resource(s)
  -------------------------------------------------------------------    -------------------
    DSP48_X0Y11          DSP48E1                      0.000     0.000 r  system_wrapper/system/rx_0_imp_178AHDX/GMSK_Demod_imp_1G913PW/gmsk_discriminador_imp_1LMKRV4/system_cmpy_discriminator_0_0/<hidden>/<hidden>/<hidden>/<hidden>/<hidden>/<hidden>
                         net (fo=1, routed)           0.002     0.002    system_wrapper/system/rx_0_imp_178AHDX/GMSK_Demod_imp_1G913PW/gmsk_discriminador_imp_1LMKRV4/system_cmpy_discriminator_0_0/<hidden>/<hidden>/<hidden>/<hidden>/<hidden>/<hidden>
    DSP48_X0Y12          DSP48E1                                      r  system_wrapper/system/rx_0_imp_178AHDX/GMSK_Demod_imp_1G913PW/gmsk_discriminador_imp_1LMKRV4/system_cmpy_discriminator_0_0/<hidden>/<hidden>/<hidden>/<hidden>/<hidden>/<hidden>
  -------------------------------------------------------------------    -------------------

                         (clock clk_out1_system_pll_0_0 rise edge)
                                                      0.000     0.000 r  
    U18                                               0.000     0.000 r  adc_clk_p_i (IN)
                         net (fo=0)                   0.000     0.000    system_i/pll_0/inst/clk_in1_p
    U18                  IBUFDS (Prop_ibufds_I_O)     0.983     0.983 r  system_i/pll_0/inst/clkin1_ibufgds/O
                         net (fo=1, routed)           2.076     3.059    system_i/pll_0/inst/clk_in1_system_pll_0_0_buf
    BUFGCTRL_X0Y4        BUFG (Prop_bufg_I_O)         0.102     3.161 r  system_i/pll_0/inst/clkin1_bufg1/O
                         net (fo=1, routed)           1.702     4.863    system_i/pll_0/inst/clk_in1_system_pll_0_0
    PLLE2_ADV_X0Y0       PLLE2_ADV (Prop_plle2_adv_CLKIN1_CLKOUT0)
                                                     -3.557     1.306 r  system_i/pll_0/inst/plle2_adv_inst/CLKOUT0
                         net (fo=1, routed)           1.754     3.060    system_i/pll_0/inst/clk_out1_system_pll_0_0
    BUFGCTRL_X0Y0        BUFG (Prop_bufg_I_O)         0.101     3.161 r  system_i/pll_0/inst/clkout1_buf/O
                         net (fo=10074, routed)       1.760     4.921    system_wrapper/system/rx_0_imp_178AHDX/GMSK_Demod_imp_1G913PW/gmsk_discriminador_imp_1LMKRV4/system_cmpy_discriminator_0_0/<hidden>/<hidden>/<hidden>/<hidden>/<hidden>/<hidden>
    DSP48_X0Y12          DSP48E1                                      r  system_wrapper/system/rx_0_imp_178AHDX/GMSK_Demod_imp_1G913PW/gmsk_discriminador_imp_1LMKRV4/system_cmpy_discriminator_0_0/<hidden>/<hidden>/<hidden>/<hidden>/<hidden>/<hidden>

Slack:                    inf
  Source:                 system_wrapper/system/rx_0_imp_178AHDX/GMSK_Demod_imp_1G913PW/gmsk_discriminador_imp_1LMKRV4/system_cmpy_discriminator_0_0/<hidden>/<hidden>/<hidden>/<hidden>/<hidden>/<hidden>
                            (internal pin)
  Destination:            system_wrapper/system/rx_0_imp_178AHDX/GMSK_Demod_imp_1G913PW/gmsk_discriminador_imp_1LMKRV4/system_cmpy_discriminator_0_0/<hidden>/<hidden>/<hidden>/<hidden>/<hidden>/<hidden>
                            (rising edge-triggered cell DSP48E1 clocked by clk_out1_system_pll_0_0  {rise@0.000ns fall@4.000ns period=8.000ns})
  Path Group:             (none)
  Path Type:              Hold (Min at Slow Process Corner)
  Data Path Delay:        0.002ns  (logic 0.000ns (0.000%)  route 0.002ns (100.000%))
  Logic Levels:           0  
  Clock Uncertainty:      0.162ns  ((TSJ^2 + DJ^2)^1/2) / 2 + PE
    Total System Jitter     (TSJ):    0.050ns
    Discrete Jitter          (DJ):    0.119ns
    Phase Error              (PE):    0.097ns

    Location             Delay type                Incr(ns)  Path(ns)    Netlist Resource(s)
  -------------------------------------------------------------------    -------------------
    DSP48_X0Y11          DSP48E1                      0.000     0.000 r  system_wrapper/system/rx_0_imp_178AHDX/GMSK_Demod_imp_1G913PW/gmsk_discriminador_imp_1LMKRV4/system_cmpy_discriminator_0_0/<hidden>/<hidden>/<hidden>/<hidden>/<hidden>/<hidden>
                         net (fo=1, routed)           0.002     0.002    system_wrapper/system/rx_0_imp_178AHDX/GMSK_Demod_imp_1G913PW/gmsk_discriminador_imp_1LMKRV4/system_cmpy_discriminator_0_0/<hidden>/<hidden>/<hidden>/<hidden>/<hidden>/<hidden>
    DSP48_X0Y12          DSP48E1                                      r  system_wrapper/system/rx_0_imp_178AHDX/GMSK_Demod_imp_1G913PW/gmsk_discriminador_imp_1LMKRV4/system_cmpy_discriminator_0_0/<hidden>/<hidden>/<hidden>/<hidden>/<hidden>/<hidden>
  -------------------------------------------------------------------    -------------------

                         (clock clk_out1_system_pll_0_0 rise edge)
                                                      0.000     0.000 r  
    U18                                               0.000     0.000 r  adc_clk_p_i (IN)
                         net (fo=0)                   0.000     0.000    system_i/pll_0/inst/clk_in1_p
    U18                  IBUFDS (Prop_ibufds_I_O)     0.983     0.983 r  system_i/pll_0/inst/clkin1_ibufgds/O
                         net (fo=1, routed)           2.076     3.059    system_i/pll_0/inst/clk_in1_system_pll_0_0_buf
    BUFGCTRL_X0Y4        BUFG (Prop_bufg_I_O)         0.102     3.161 r  system_i/pll_0/inst/clkin1_bufg1/O
                         net (fo=1, routed)           1.702     4.863    system_i/pll_0/inst/clk_in1_system_pll_0_0
    PLLE2_ADV_X0Y0       PLLE2_ADV (Prop_plle2_adv_CLKIN1_CLKOUT0)
                                                     -3.557     1.306 r  system_i/pll_0/inst/plle2_adv_inst/CLKOUT0
                         net (fo=1, routed)           1.754     3.060    system_i/pll_0/inst/clk_out1_system_pll_0_0
    BUFGCTRL_X0Y0        BUFG (Prop_bufg_I_O)         0.101     3.161 r  system_i/pll_0/inst/clkout1_buf/O
                         net (fo=10074, routed)       1.760     4.921    system_wrapper/system/rx_0_imp_178AHDX/GMSK_Demod_imp_1G913PW/gmsk_discriminador_imp_1LMKRV4/system_cmpy_discriminator_0_0/<hidden>/<hidden>/<hidden>/<hidden>/<hidden>/<hidden>
    DSP48_X0Y12          DSP48E1                                      r  system_wrapper/system/rx_0_imp_178AHDX/GMSK_Demod_imp_1G913PW/gmsk_discriminador_imp_1LMKRV4/system_cmpy_discriminator_0_0/<hidden>/<hidden>/<hidden>/<hidden>/<hidden>/<hidden>

Slack:                    inf
  Source:                 system_wrapper/system/rx_0_imp_178AHDX/GMSK_Demod_imp_1G913PW/gmsk_discriminador_imp_1LMKRV4/system_cmpy_discriminator_0_0/<hidden>/<hidden>/<hidden>/<hidden>/<hidden>/<hidden>
                            (internal pin)
  Destination:            system_wrapper/system/rx_0_imp_178AHDX/GMSK_Demod_imp_1G913PW/gmsk_discriminador_imp_1LMKRV4/system_cmpy_discriminator_0_0/<hidden>/<hidden>/<hidden>/<hidden>/<hidden>/<hidden>
                            (rising edge-triggered cell DSP48E1 clocked by clk_out1_system_pll_0_0  {rise@0.000ns fall@4.000ns period=8.000ns})
  Path Group:             (none)
  Path Type:              Hold (Min at Slow Process Corner)
  Data Path Delay:        0.002ns  (logic 0.000ns (0.000%)  route 0.002ns (100.000%))
  Logic Levels:           0  
  Clock Uncertainty:      0.162ns  ((TSJ^2 + DJ^2)^1/2) / 2 + PE
    Total System Jitter     (TSJ):    0.050ns
    Discrete Jitter          (DJ):    0.119ns
    Phase Error              (PE):    0.097ns

    Location             Delay type                Incr(ns)  Path(ns)    Netlist Resource(s)
  -------------------------------------------------------------------    -------------------
    DSP48_X0Y11          DSP48E1                      0.000     0.000 r  system_wrapper/system/rx_0_imp_178AHDX/GMSK_Demod_imp_1G913PW/gmsk_discriminador_imp_1LMKRV4/system_cmpy_discriminator_0_0/<hidden>/<hidden>/<hidden>/<hidden>/<hidden>/<hidden>
                         net (fo=1, routed)           0.002     0.002    system_wrapper/system/rx_0_imp_178AHDX/GMSK_Demod_imp_1G913PW/gmsk_discriminador_imp_1LMKRV4/system_cmpy_discriminator_0_0/<hidden>/<hidden>/<hidden>/<hidden>/<hidden>/<hidden>
    DSP48_X0Y12          DSP48E1                                      r  system_wrapper/system/rx_0_imp_178AHDX/GMSK_Demod_imp_1G913PW/gmsk_discriminador_imp_1LMKRV4/system_cmpy_discriminator_0_0/<hidden>/<hidden>/<hidden>/<hidden>/<hidden>/<hidden>
  -------------------------------------------------------------------    -------------------

                         (clock clk_out1_system_pll_0_0 rise edge)
                                                      0.000     0.000 r  
    U18                                               0.000     0.000 r  adc_clk_p_i (IN)
                         net (fo=0)                   0.000     0.000    system_i/pll_0/inst/clk_in1_p
    U18                  IBUFDS (Prop_ibufds_I_O)     0.983     0.983 r  system_i/pll_0/inst/clkin1_ibufgds/O
                         net (fo=1, routed)           2.076     3.059    system_i/pll_0/inst/clk_in1_system_pll_0_0_buf
    BUFGCTRL_X0Y4        BUFG (Prop_bufg_I_O)         0.102     3.161 r  system_i/pll_0/inst/clkin1_bufg1/O
                         net (fo=1, routed)           1.702     4.863    system_i/pll_0/inst/clk_in1_system_pll_0_0
    PLLE2_ADV_X0Y0       PLLE2_ADV (Prop_plle2_adv_CLKIN1_CLKOUT0)
                                                     -3.557     1.306 r  system_i/pll_0/inst/plle2_adv_inst/CLKOUT0
                         net (fo=1, routed)           1.754     3.060    system_i/pll_0/inst/clk_out1_system_pll_0_0
    BUFGCTRL_X0Y0        BUFG (Prop_bufg_I_O)         0.101     3.161 r  system_i/pll_0/inst/clkout1_buf/O
                         net (fo=10074, routed)       1.760     4.921    system_wrapper/system/rx_0_imp_178AHDX/GMSK_Demod_imp_1G913PW/gmsk_discriminador_imp_1LMKRV4/system_cmpy_discriminator_0_0/<hidden>/<hidden>/<hidden>/<hidden>/<hidden>/<hidden>
    DSP48_X0Y12          DSP48E1                                      r  system_wrapper/system/rx_0_imp_178AHDX/GMSK_Demod_imp_1G913PW/gmsk_discriminador_imp_1LMKRV4/system_cmpy_discriminator_0_0/<hidden>/<hidden>/<hidden>/<hidden>/<hidden>/<hidden>

Slack:                    inf
  Source:                 system_wrapper/system/rx_0_imp_178AHDX/GMSK_Demod_imp_1G913PW/gmsk_discriminador_imp_1LMKRV4/system_cmpy_discriminator_0_0/<hidden>/<hidden>/<hidden>/<hidden>/<hidden>/<hidden>
                            (internal pin)
  Destination:            system_wrapper/system/rx_0_imp_178AHDX/GMSK_Demod_imp_1G913PW/gmsk_discriminador_imp_1LMKRV4/system_cmpy_discriminator_0_0/<hidden>/<hidden>/<hidden>/<hidden>/<hidden>/<hidden>
                            (rising edge-triggered cell DSP48E1 clocked by clk_out1_system_pll_0_0  {rise@0.000ns fall@4.000ns period=8.000ns})
  Path Group:             (none)
  Path Type:              Hold (Min at Slow Process Corner)
  Data Path Delay:        0.002ns  (logic 0.000ns (0.000%)  route 0.002ns (100.000%))
  Logic Levels:           0  
  Clock Uncertainty:      0.162ns  ((TSJ^2 + DJ^2)^1/2) / 2 + PE
    Total System Jitter     (TSJ):    0.050ns
    Discrete Jitter          (DJ):    0.119ns
    Phase Error              (PE):    0.097ns

    Location             Delay type                Incr(ns)  Path(ns)    Netlist Resource(s)
  -------------------------------------------------------------------    -------------------
    DSP48_X0Y11          DSP48E1                      0.000     0.000 r  system_wrapper/system/rx_0_imp_178AHDX/GMSK_Demod_imp_1G913PW/gmsk_discriminador_imp_1LMKRV4/system_cmpy_discriminator_0_0/<hidden>/<hidden>/<hidden>/<hidden>/<hidden>/<hidden>
                         net (fo=1, routed)           0.002     0.002    system_wrapper/system/rx_0_imp_178AHDX/GMSK_Demod_imp_1G913PW/gmsk_discriminador_imp_1LMKRV4/system_cmpy_discriminator_0_0/<hidden>/<hidden>/<hidden>/<hidden>/<hidden>/<hidden>
    DSP48_X0Y12          DSP48E1                                      r  system_wrapper/system/rx_0_imp_178AHDX/GMSK_Demod_imp_1G913PW/gmsk_discriminador_imp_1LMKRV4/system_cmpy_discriminator_0_0/<hidden>/<hidden>/<hidden>/<hidden>/<hidden>/<hidden>
  -------------------------------------------------------------------    -------------------

                         (clock clk_out1_system_pll_0_0 rise edge)
                                                      0.000     0.000 r  
    U18                                               0.000     0.000 r  adc_clk_p_i (IN)
                         net (fo=0)                   0.000     0.000    system_i/pll_0/inst/clk_in1_p
    U18                  IBUFDS (Prop_ibufds_I_O)     0.983     0.983 r  system_i/pll_0/inst/clkin1_ibufgds/O
                         net (fo=1, routed)           2.076     3.059    system_i/pll_0/inst/clk_in1_system_pll_0_0_buf
    BUFGCTRL_X0Y4        BUFG (Prop_bufg_I_O)         0.102     3.161 r  system_i/pll_0/inst/clkin1_bufg1/O
                         net (fo=1, routed)           1.702     4.863    system_i/pll_0/inst/clk_in1_system_pll_0_0
    PLLE2_ADV_X0Y0       PLLE2_ADV (Prop_plle2_adv_CLKIN1_CLKOUT0)
                                                     -3.557     1.306 r  system_i/pll_0/inst/plle2_adv_inst/CLKOUT0
                         net (fo=1, routed)           1.754     3.060    system_i/pll_0/inst/clk_out1_system_pll_0_0
    BUFGCTRL_X0Y0        BUFG (Prop_bufg_I_O)         0.101     3.161 r  system_i/pll_0/inst/clkout1_buf/O
                         net (fo=10074, routed)       1.760     4.921    system_wrapper/system/rx_0_imp_178AHDX/GMSK_Demod_imp_1G913PW/gmsk_discriminador_imp_1LMKRV4/system_cmpy_discriminator_0_0/<hidden>/<hidden>/<hidden>/<hidden>/<hidden>/<hidden>
    DSP48_X0Y12          DSP48E1                                      r  system_wrapper/system/rx_0_imp_178AHDX/GMSK_Demod_imp_1G913PW/gmsk_discriminador_imp_1LMKRV4/system_cmpy_discriminator_0_0/<hidden>/<hidden>/<hidden>/<hidden>/<hidden>/<hidden>





